{
    "__comment": "Designed by SigmaWarlord17 with Cubik Studio - https://cubik.studio",
    "textures": {
        "particle": "item/particle",
        "texture": "item/texture",
        "voxels_atlas": "item/Enderium_Hoe"
    },
    "elements": [{
            "__comment": "Voxels",
            "from": [3, 22.25, 8],
            "to": [4.5, 25.5, 8.25],
            "faces": {
                "down": { "uv": [13.625, 15.375, 14.375, 15.5], "texture": "#voxels_atlas" },
                "up": { "uv": [14.375, 15.5, 15.125, 15.375], "texture": "#voxels_atlas" },
                "north": { "uv": [1.375, 14.375, 0.625, 16], "texture": "#voxels_atlas" },
                "south": { "uv": [0.625, 12.75, 1.375, 14.375], "texture": "#voxels_atlas" },
                "west": { "uv": [7.375, 14.375, 7.5, 16], "texture": "#voxels_atlas" },
                "east": { "uv": [7.5, 12.75, 7.375, 14.375], "texture": "#voxels_atlas" }
            }
        },
        {
            "__comment": "Voxels",
            "from": [3.25, 21.75, 8],
            "to": [4.75, 22.25, 8.25],
            "faces": {
                "down": { "uv": [15.125, 15.375, 15.875, 15.5], "texture": "#voxels_atlas" },
                "up": { "uv": [8.375, 15.375, 9.125, 15.25], "texture": "#voxels_atlas" },
                "north": { "uv": [6.625, 8.5, 5.875, 8.75], "texture": "#voxels_atlas" },
                "south": { "uv": [5.875, 8.75, 6.625, 9], "texture": "#voxels_atlas" },
                "west": { "uv": [9, 13.75, 9.125, 14], "texture": "#voxels_atlas" },
                "east": { "uv": [9.125, 13, 9, 13.25], "texture": "#voxels_atlas" }
            }
        },
        {
            "__comment": "Voxels",
            "from": [3.25, 22.25, 7.75],
            "to": [4, 22.5, 8],
            "faces": {
                "down": { "uv": [8.375, 11.5, 8.75, 11.625], "texture": "#voxels_atlas" },
                "up": { "uv": [8.375, 11, 8.75, 10.875], "texture": "#voxels_atlas" },
                "north": { "uv": [8.75, 10.75, 8.375, 10.875], "texture": "#voxels_atlas" },
                "south": { "uv": [8.375, 10.375, 8.75, 10.5], "texture": "#voxels_atlas" },
                "west": { "uv": [9.375, 10.75, 9.5, 10.875], "texture": "#voxels_atlas" },
                "east": { "uv": [9.5, 10.875, 9.375, 11], "texture": "#voxels_atlas" }
            }
        },
        {
            "__comment": "Voxels",
            "from": [3.25, 22.25, 8.25],
            "to": [4, 22.5, 8.5],
            "faces": {
                "down": { "uv": [8.375, 9.75, 8.75, 9.875], "texture": "#voxels_atlas" },
                "up": { "uv": [8.375, 9.75, 8.75, 9.625], "texture": "#voxels_atlas" },
                "north": { "uv": [8.75, 9.5, 8.375, 9.625], "texture": "#voxels_atlas" },
                "south": { "uv": [8.375, 9.375, 8.75, 9.5], "texture": "#voxels_atlas" },
                "west": { "uv": [9.375, 11, 9.5, 11.125], "texture": "#voxels_atlas" },
                "east": { "uv": [9.5, 11.125, 9.375, 11.25], "texture": "#voxels_atlas" }
            }
        },
        {
            "__comment": "Voxels",
            "from": [3.25, 22.5, 7.75],
            "to": [3.75, 25.5, 8],
            "faces": {
                "down": { "uv": [15.75, 14.75, 16, 14.875], "texture": "#voxels_atlas" },
                "up": { "uv": [15.75, 14.75, 16, 14.625], "texture": "#voxels_atlas" },
                "north": { "uv": [1.625, 10.875, 1.375, 12.375], "texture": "#voxels_atlas" },
                "south": { "uv": [0.375, 10.25, 0.625, 11.75], "texture": "#voxels_atlas" },
                "west": { "uv": [7.375, 11.25, 7.5, 12.75], "texture": "#voxels_atlas" },
                "east": { "uv": [1.75, 9.375, 1.625, 10.875], "texture": "#voxels_atlas" }
            }
        },
        {
            "__comment": "Voxels",
            "from": [3.25, 22.5, 8.25],
            "to": [3.75, 25.5, 8.5],
            "faces": {
                "down": { "uv": [14.75, 14.5, 15, 14.625], "texture": "#voxels_atlas" },
                "up": { "uv": [15.5, 14.625, 15.75, 14.5], "texture": "#voxels_atlas" },
                "north": { "uv": [1.625, 12.375, 1.375, 13.875], "texture": "#voxels_atlas" },
                "south": { "uv": [1.375, 9.375, 1.625, 10.875], "texture": "#voxels_atlas" },
                "west": { "uv": [1.625, 10.875, 1.75, 12.375], "texture": "#voxels_atlas" },
                "east": { "uv": [1.75, 12.375, 1.625, 13.875], "texture": "#voxels_atlas" }
            }
        },
        {
            "__comment": "Voxels",
            "from": [3.25, 25.5, 8],
            "to": [4.75, 26, 8.25],
            "faces": {
                "down": { "uv": [12.875, 15.25, 13.625, 15.375], "texture": "#voxels_atlas" },
                "up": { "uv": [15.25, 16, 16, 15.875], "texture": "#voxels_atlas" },
                "north": { "uv": [7.375, 8.75, 6.625, 9], "texture": "#voxels_atlas" },
                "south": { "uv": [5.875, 8, 6.625, 8.25], "texture": "#voxels_atlas" },
                "west": { "uv": [9, 12.75, 9.125, 13], "texture": "#voxels_atlas" },
                "east": { "uv": [9.125, 12.5, 9, 12.75], "texture": "#voxels_atlas" }
            }
        },
        {
            "__comment": "Voxels",
            "from": [3.5, 21.25, 8],
            "to": [5.25, 21.5, 8.25],
            "faces": {
                "down": { "uv": [14.125, 15.5, 15, 15.625], "texture": "#voxels_atlas" },
                "up": { "uv": [6.5, 9.75, 7.375, 9.625], "texture": "#voxels_atlas" },
                "north": { "uv": [14.125, 15.5, 13.25, 15.625], "texture": "#voxels_atlas" },
                "south": { "uv": [12.375, 15.5, 13.25, 15.625], "texture": "#voxels_atlas" },
                "west": { "uv": [9.375, 11.5, 9.5, 11.625], "texture": "#voxels_atlas" },
                "east": { "uv": [9.5, 11.625, 9.375, 11.75], "texture": "#voxels_atlas" }
            }
        },
        {
            "__comment": "Voxels",
            "from": [3.5, 21.5, 8],
            "to": [5, 21.75, 8.25],
            "faces": {
                "down": { "uv": [6.625, 14.25, 7.375, 14.375], "texture": "#voxels_atlas" },
                "up": { "uv": [6.625, 14.5, 7.375, 14.375], "texture": "#voxels_atlas" },
                "north": { "uv": [11.375, 15.25, 10.625, 15.375], "texture": "#voxels_atlas" },
                "south": { "uv": [12.125, 15.25, 12.875, 15.375], "texture": "#voxels_atlas" },
                "west": { "uv": [9.375, 11.75, 9.5, 11.875], "texture": "#voxels_atlas" },
                "east": { "uv": [9.5, 11.875, 9.375, 12], "texture": "#voxels_atlas" }
            }
        },
        {
            "__comment": "Voxels",
            "from": [3.5, 21.75, 7.75],
            "to": [4.25, 22, 8],
            "faces": {
                "down": { "uv": [14.25, 14.75, 14.625, 14.875], "texture": "#voxels_atlas" },
                "up": { "uv": [14.625, 14.875, 15, 14.75], "texture": "#voxels_atlas" },
                "north": { "uv": [8.75, 11.75, 8.375, 11.875], "texture": "#voxels_atlas" },
                "south": { "uv": [15, 14.75, 15.375, 14.875], "texture": "#voxels_atlas" },
                "west": { "uv": [9.375, 12.25, 9.5, 12.375], "texture": "#voxels_atlas" },
                "east": { "uv": [9.5, 12.375, 9.375, 12.5], "texture": "#voxels_atlas" }
            }
        },
        {
            "__comment": "Voxels",
            "from": [3.5, 21.75, 8.25],
            "to": [4.25, 22, 8.5],
            "faces": {
                "down": { "uv": [12, 14.625, 12.375, 14.75], "texture": "#voxels_atlas" },
                "up": { "uv": [12.375, 14.75, 12.75, 14.625], "texture": "#voxels_atlas" },
                "north": { "uv": [13.625, 14.5, 13.25, 14.625], "texture": "#voxels_atlas" },
                "south": { "uv": [13.625, 14.5, 14, 14.625], "texture": "#voxels_atlas" },
                "west": { "uv": [9.375, 12.5, 9.5, 12.625], "texture": "#voxels_atlas" },
                "east": { "uv": [9.5, 12.625, 9.375, 12.75], "texture": "#voxels_atlas" }
            }
        },
        {
            "__comment": "Voxels",
            "from": [3.5, 22, 7.75],
            "to": [4, 22.25, 8],
            "faces": {
                "down": { "uv": [15.75, 14.5, 16, 14.625], "texture": "#voxels_atlas" },
                "up": { "uv": [9.125, 14.5, 9.375, 14.375], "texture": "#voxels_atlas" },
                "north": { "uv": [9.375, 14.25, 9.125, 14.375], "texture": "#voxels_atlas" },
                "south": { "uv": [9.125, 14.125, 9.375, 14.25], "texture": "#voxels_atlas" },
                "west": { "uv": [9.375, 13.75, 9.5, 13.875], "texture": "#voxels_atlas" },
                "east": { "uv": [9.5, 13.875, 9.375, 14], "texture": "#voxels_atlas" }
            }
        },
        {
            "__comment": "Voxels",
            "from": [3.5, 22, 8.25],
            "to": [4, 22.25, 8.5],
            "faces": {
                "down": { "uv": [9.125, 14, 9.375, 14.125], "texture": "#voxels_atlas" },
                "up": { "uv": [9.125, 14, 9.375, 13.875], "texture": "#voxels_atlas" },
                "north": { "uv": [9.375, 13.75, 9.125, 13.875], "texture": "#voxels_atlas" },
                "south": { "uv": [9.125, 13.375, 9.375, 13.5], "texture": "#voxels_atlas" },
                "west": { "uv": [9.375, 14, 9.5, 14.125], "texture": "#voxels_atlas" },
                "east": { "uv": [9.5, 14.125, 9.375, 14.25], "texture": "#voxels_atlas" }
            }
        },
        {
            "__comment": "Voxels",
            "from": [3.5, 25.5, 7.75],
            "to": [4, 26, 8],
            "faces": {
                "down": { "uv": [9.125, 13.25, 9.375, 13.375], "texture": "#voxels_atlas" },
                "up": { "uv": [9.125, 13.25, 9.375, 13.125], "texture": "#voxels_atlas" },
                "north": { "uv": [7.75, 11.75, 7.5, 12], "texture": "#voxels_atlas" },
                "south": { "uv": [7.5, 11.5, 7.75, 11.75], "texture": "#voxels_atlas" },
                "west": { "uv": [9, 11.25, 9.125, 11.5], "texture": "#voxels_atlas" },
                "east": { "uv": [9.125, 11, 9, 11.25], "texture": "#voxels_atlas" }
            }
        },
        {
            "__comment": "Voxels",
            "from": [3.5, 25.5, 8.25],
            "to": [4, 26, 8.5],
            "faces": {
                "down": { "uv": [9.125, 13, 9.375, 13.125], "texture": "#voxels_atlas" },
                "up": { "uv": [0.375, 9.75, 0.625, 9.625], "texture": "#voxels_atlas" },
                "north": { "uv": [7.75, 11.25, 7.5, 11.5], "texture": "#voxels_atlas" },
                "south": { "uv": [7.5, 11, 7.75, 11.25], "texture": "#voxels_atlas" },
                "west": { "uv": [3.375, 10.625, 3.5, 10.875], "texture": "#voxels_atlas" },
                "east": { "uv": [3.5, 10.375, 3.375, 10.625], "texture": "#voxels_atlas" }
            }
        },
        {
            "__comment": "Voxels",
            "from": [3.5, 26, 8],
            "to": [5, 26.5, 8.25],
            "faces": {
                "down": { "uv": [6.625, 14.125, 7.375, 14.25], "texture": "#voxels_atlas" },
                "up": { "uv": [6.625, 14.125, 7.375, 14], "texture": "#voxels_atlas" },
                "north": { "uv": [9.125, 15.625, 8.375, 15.875], "texture": "#voxels_atlas" },
                "south": { "uv": [5.875, 8.25, 6.625, 8.5], "texture": "#voxels_atlas" },
                "west": { "uv": [7.375, 8, 7.5, 8.25], "texture": "#voxels_atlas" },
                "east": { "uv": [7.875, 12, 7.75, 12.25], "texture": "#voxels_atlas" }
            }
        },
        {
            "__comment": "Voxels",
            "from": [3.75, 20.75, 8],
            "to": [6, 21, 8.25],
            "faces": {
                "down": { "uv": [11.375, 15.625, 12.5, 15.75], "texture": "#voxels_atlas" },
                "up": { "uv": [11.375, 15.875, 12.5, 15.75], "texture": "#voxels_atlas" },
                "north": { "uv": [11.375, 15.625, 10.25, 15.75], "texture": "#voxels_atlas" },
                "south": { "uv": [10.25, 15.75, 11.375, 15.875], "texture": "#voxels_atlas" },
                "west": { "uv": [9.25, 8, 9.375, 8.125], "texture": "#voxels_atlas" },
                "east": { "uv": [9.25, 8, 9.125, 8.125], "texture": "#voxels_atlas" }
            }
        },
        {
            "__comment": "Voxels",
            "from": [3.75, 21, 8],
            "to": [5.5, 21.25, 8.25],
            "faces": {
                "down": { "uv": [6.5, 9.5, 7.375, 9.625], "texture": "#voxels_atlas" },
                "up": { "uv": [9.25, 15.5, 10.125, 15.375], "texture": "#voxels_atlas" },
                "north": { "uv": [9.25, 15.375, 8.375, 15.5], "texture": "#voxels_atlas" },
                "south": { "uv": [15, 15.5, 15.875, 15.625], "texture": "#voxels_atlas" },
                "west": { "uv": [9.25, 8.125, 9.375, 8.25], "texture": "#voxels_atlas" },
                "east": { "uv": [9.25, 8.125, 9.125, 8.25], "texture": "#voxels_atlas" }
            }
        },
        {
            "__comment": "Voxels",
            "from": [3.75, 21.25, 7.75],
            "to": [4.25, 21.75, 8],
            "faces": {
                "down": { "uv": [8.75, 13.375, 9, 13.5], "texture": "#voxels_atlas" },
                "up": { "uv": [7.125, 15.5, 7.375, 15.375], "texture": "#voxels_atlas" },
                "north": { "uv": [7.75, 10.25, 7.5, 10.5], "texture": "#voxels_atlas" },
                "south": { "uv": [7.5, 10, 7.75, 10.25], "texture": "#voxels_atlas" },
                "west": { "uv": [7.75, 11.75, 7.875, 12], "texture": "#voxels_atlas" },
                "east": { "uv": [7.875, 11.5, 7.75, 11.75], "texture": "#voxels_atlas" }
            }
        },
        {
            "__comment": "Voxels",
            "from": [3.75, 21.25, 8.25],
            "to": [4.25, 21.75, 8.5],
            "faces": {
                "down": { "uv": [7.125, 15.25, 7.375, 15.375], "texture": "#voxels_atlas" },
                "up": { "uv": [7.125, 15.25, 7.375, 15.125], "texture": "#voxels_atlas" },
                "north": { "uv": [7.75, 9.75, 7.5, 10], "texture": "#voxels_atlas" },
                "south": { "uv": [0.375, 9.75, 0.625, 10], "texture": "#voxels_atlas" },
                "west": { "uv": [7.75, 11.25, 7.875, 11.5], "texture": "#voxels_atlas" },
                "east": { "uv": [7.875, 11, 7.75, 11.25], "texture": "#voxels_atlas" }
            }
        },
        {
            "__comment": "Voxels",
            "from": [3.75, 25.25, 7.75],
            "to": [4, 25.5, 8],
            "faces": {
                "down": { "uv": [9.25, 8.75, 9.375, 8.875], "texture": "#voxels_atlas" },
                "up": { "uv": [9.125, 8.875, 9.25, 8.75], "texture": "#voxels_atlas" },
                "north": { "uv": [9.375, 8.875, 9.25, 9], "texture": "#voxels_atlas" },
                "south": { "uv": [9.125, 8.875, 9.25, 9], "texture": "#voxels_atlas" },
                "west": { "uv": [9.25, 9.125, 9.375, 9.25], "texture": "#voxels_atlas" },
                "east": { "uv": [9.25, 9.125, 9.125, 9.25], "texture": "#voxels_atlas" }
            }
        },
        {
            "__comment": "Voxels",
            "from": [3.75, 25.25, 8.25],
            "to": [4, 25.5, 8.5],
            "faces": {
                "down": { "uv": [9.25, 9.25, 9.375, 9.375], "texture": "#voxels_atlas" },
                "up": { "uv": [9.125, 9.375, 9.25, 9.25], "texture": "#voxels_atlas" },
                "north": { "uv": [9.375, 9.5, 9.25, 9.625], "texture": "#voxels_atlas" },
                "south": { "uv": [9.125, 9.5, 9.25, 9.625], "texture": "#voxels_atlas" },
                "west": { "uv": [9.25, 9.625, 9.375, 9.75], "texture": "#voxels_atlas" },
                "east": { "uv": [9.25, 9.625, 9.125, 9.75], "texture": "#voxels_atlas" }
            }
        },
        {
            "__comment": "Voxels",
            "from": [3.75, 26, 7.75],
            "to": [4.25, 26.5, 8],
            "faces": {
                "down": { "uv": [7.125, 15, 7.375, 15.125], "texture": "#voxels_atlas" },
                "up": { "uv": [15.75, 15.875, 16, 15.75], "texture": "#voxels_atlas" },
                "north": { "uv": [7.75, 10.75, 7.5, 11], "texture": "#voxels_atlas" },
                "south": { "uv": [7.5, 10.5, 7.75, 10.75], "texture": "#voxels_atlas" },
                "west": { "uv": [7.75, 10.75, 7.875, 11], "texture": "#voxels_atlas" },
                "east": { "uv": [7.875, 10.5, 7.75, 10.75], "texture": "#voxels_atlas" }
            }
        },
        {
            "__comment": "Voxels",
            "from": [3.75, 26, 8.25],
            "to": [4.25, 26.5, 8.5],
            "faces": {
                "down": { "uv": [15.75, 15.625, 16, 15.75], "texture": "#voxels_atlas" },
                "up": { "uv": [8.75, 14.375, 9, 14.25], "texture": "#voxels_atlas" },
                "north": { "uv": [7.375, 9.25, 7.125, 9.5], "texture": "#voxels_atlas" },
                "south": { "uv": [7.125, 9, 7.375, 9.25], "texture": "#voxels_atlas" },
                "west": { "uv": [7.75, 10.25, 7.875, 10.5], "texture": "#voxels_atlas" },
                "east": { "uv": [7.875, 10, 7.75, 10.25], "texture": "#voxels_atlas" }
            }
        },
        {
            "__comment": "Voxels",
            "from": [3.75, 26.5, 8],
            "to": [5.5, 27, 8.25],
            "faces": {
                "down": { "uv": [6.5, 9.875, 7.375, 10], "texture": "#voxels_atlas" },
                "up": { "uv": [6.5, 9.875, 7.375, 9.75], "texture": "#voxels_atlas" },
                "north": { "uv": [6.75, 9.25, 5.875, 9.5], "texture": "#voxels_atlas" },
                "south": { "uv": [5.875, 9, 6.75, 9.25], "texture": "#voxels_atlas" },
                "west": { "uv": [7.75, 9.75, 7.875, 10], "texture": "#voxels_atlas" },
                "east": { "uv": [7.875, 9.5, 7.75, 9.75], "texture": "#voxels_atlas" }
            }
        },
        {
            "__comment": "Voxels",
            "from": [4, 20.5, 8],
            "to": [6.5, 20.75, 8.25],
            "faces": {
                "down": { "uv": [6.125, 10.125, 7.375, 10.25], "texture": "#voxels_atlas" },
                "up": { "uv": [6.125, 10.125, 7.375, 10], "texture": "#voxels_atlas" },
                "north": { "uv": [11.75, 15.875, 10.5, 16], "texture": "#voxels_atlas" },
                "south": { "uv": [6.125, 13, 7.375, 13.125], "texture": "#voxels_atlas" },
                "west": { "uv": [9.125, 10.625, 9.25, 10.75], "texture": "#voxels_atlas" },
                "east": { "uv": [9.375, 10.75, 9.25, 10.875], "texture": "#voxels_atlas" }
            }
        },
        {
            "__comment": "Voxels",
            "from": [4, 20.75, 7.75],
            "to": [4.5, 21.25, 8],
            "faces": {
                "down": { "uv": [8.75, 14.125, 9, 14.25], "texture": "#voxels_atlas" },
                "up": { "uv": [8.75, 14.125, 9, 14], "texture": "#voxels_atlas" },
                "north": { "uv": [7.75, 9.5, 7.5, 9.75], "texture": "#voxels_atlas" },
                "south": { "uv": [7.5, 9.25, 7.75, 9.5], "texture": "#voxels_atlas" },
                "west": { "uv": [7.75, 9.25, 7.875, 9.5], "texture": "#voxels_atlas" },
                "east": { "uv": [7.875, 9, 7.75, 9.25], "texture": "#voxels_atlas" }
            }
        },
        {
            "__comment": "Voxels",
            "from": [4, 20.75, 8.25],
            "to": [4.5, 21.25, 8.5],
            "faces": {
                "down": { "uv": [8.75, 13.875, 9, 14], "texture": "#voxels_atlas" },
                "up": { "uv": [8.75, 13.875, 9, 13.75], "texture": "#voxels_atlas" },
                "north": { "uv": [7.75, 9, 7.5, 9.25], "texture": "#voxels_atlas" },
                "south": { "uv": [7.5, 8.75, 7.75, 9], "texture": "#voxels_atlas" },
                "west": { "uv": [7.75, 8.75, 7.875, 9], "texture": "#voxels_atlas" },
                "east": { "uv": [7.875, 8.5, 7.75, 8.75], "texture": "#voxels_atlas" }
            }
        },
        {
            "__comment": "Voxels",
            "from": [4, 25.75, 7.75],
            "to": [4.25, 26, 8],
            "faces": {
                "down": { "uv": [9.125, 10.75, 9.25, 10.875], "texture": "#voxels_atlas" },
                "up": { "uv": [9.25, 11.125, 9.375, 11], "texture": "#voxels_atlas" },
                "north": { "uv": [9.25, 11, 9.125, 11.125], "texture": "#voxels_atlas" },
                "south": { "uv": [9.25, 11.125, 9.375, 11.25], "texture": "#voxels_atlas" },
                "west": { "uv": [9.25, 11.375, 9.375, 11.5], "texture": "#voxels_atlas" },
                "east": { "uv": [9.25, 11.375, 9.125, 11.5], "texture": "#voxels_atlas" }
            }
        },
        {
            "__comment": "Voxels",
            "from": [4, 25.75, 8.25],
            "to": [4.25, 26, 8.5],
            "faces": {
                "down": { "uv": [9, 8, 9.125, 8.125], "texture": "#voxels_atlas" },
                "up": { "uv": [9, 8.25, 9.125, 8.125], "texture": "#voxels_atlas" },
                "north": { "uv": [9.125, 8.5, 9, 8.625], "texture": "#voxels_atlas" },
                "south": { "uv": [9, 8.625, 9.125, 8.75], "texture": "#voxels_atlas" },
                "west": { "uv": [9, 8.75, 9.125, 8.875], "texture": "#voxels_atlas" },
                "east": { "uv": [9.125, 8.875, 9, 9], "texture": "#voxels_atlas" }
            }
        },
        {
            "__comment": "Voxels",
            "from": [4, 26.5, 7.75],
            "to": [4.5, 27, 8],
            "faces": {
                "down": { "uv": [8.75, 13.625, 9, 13.75], "texture": "#voxels_atlas" },
                "up": { "uv": [8.75, 13.625, 9, 13.5], "texture": "#voxels_atlas" },
                "north": { "uv": [0.625, 10, 0.375, 10.25], "texture": "#voxels_atlas" },
                "south": { "uv": [7.5, 12, 7.75, 12.25], "texture": "#voxels_atlas" },
                "west": { "uv": [7.75, 8.25, 7.875, 8.5], "texture": "#voxels_atlas" },
                "east": { "uv": [8.875, 8, 8.75, 8.25], "texture": "#voxels_atlas" }
            }
        },
        {
            "__comment": "Voxels",
            "from": [4, 26.5, 8.25],
            "to": [4.5, 27, 8.5],
            "faces": {
                "down": { "uv": [8.75, 13.25, 9, 13.375], "texture": "#voxels_atlas" },
                "up": { "uv": [8.75, 13.25, 9, 13.125], "texture": "#voxels_atlas" },
                "north": { "uv": [7.75, 8.5, 7.5, 8.75], "texture": "#voxels_atlas" },
                "south": { "uv": [7.5, 8.25, 7.75, 8.5], "texture": "#voxels_atlas" },
                "west": { "uv": [8.875, 8, 9, 8.25], "texture": "#voxels_atlas" },
                "east": { "uv": [9.125, 14, 9, 14.25], "texture": "#voxels_atlas" }
            }
        },
        {
            "__comment": "Voxels",
            "from": [4, 27, 8],
            "to": [6.5, 27.25, 8.25],
            "faces": {
                "down": { "uv": [6.125, 13.375, 7.375, 13.5], "texture": "#voxels_atlas" },
                "up": { "uv": [11.75, 16, 13, 15.875], "texture": "#voxels_atlas" },
                "north": { "uv": [7.375, 13.125, 6.125, 13.25], "texture": "#voxels_atlas" },
                "south": { "uv": [6.125, 13.25, 7.375, 13.375], "texture": "#voxels_atlas" },
                "west": { "uv": [8.25, 8.75, 8.375, 8.875], "texture": "#voxels_atlas" },
                "east": { "uv": [8.375, 8.875, 8.25, 9], "texture": "#voxels_atlas" }
            }
        },
        {
            "__comment": "Voxels",
            "from": [4.25, 20.25, 8],
            "to": [10, 20.5, 8.25],
            "faces": {
                "down": { "uv": [3.5, 13.875, 6.375, 14], "texture": "#voxels_atlas" },
                "up": { "uv": [3.5, 13.875, 6.375, 13.75], "texture": "#voxels_atlas" },
                "north": { "uv": [6.375, 13.5, 3.5, 13.625], "texture": "#voxels_atlas" },
                "south": { "uv": [3.5, 13.625, 6.375, 13.75], "texture": "#voxels_atlas" },
                "west": { "uv": [8.25, 10.125, 8.375, 10.25], "texture": "#voxels_atlas" },
                "east": { "uv": [4, 8, 3.875, 8.125], "texture": "#voxels_atlas" }
            }
        },
        {
            "__comment": "Voxels",
            "from": [4.25, 20.5, 7.75],
            "to": [4.75, 20.75, 8],
            "faces": {
                "down": { "uv": [8.75, 13, 9, 13.125], "texture": "#voxels_atlas" },
                "up": { "uv": [8.75, 13, 9, 12.875], "texture": "#voxels_atlas" },
                "north": { "uv": [9, 12.75, 8.75, 12.875], "texture": "#voxels_atlas" },
                "south": { "uv": [8.75, 12.625, 9, 12.75], "texture": "#voxels_atlas" },
                "west": { "uv": [7.25, 11, 7.375, 11.125], "texture": "#voxels_atlas" },
                "east": { "uv": [7.375, 11.125, 7.25, 11.25], "texture": "#voxels_atlas" }
            }
        },
        {
            "__comment": "Voxels",
            "from": [4.25, 20.5, 8.25],
            "to": [4.75, 20.75, 8.5],
            "faces": {
                "down": { "uv": [8.75, 12.5, 9, 12.625], "texture": "#voxels_atlas" },
                "up": { "uv": [8.75, 12.5, 9, 12.375], "texture": "#voxels_atlas" },
                "north": { "uv": [9, 12.25, 8.75, 12.375], "texture": "#voxels_atlas" },
                "south": { "uv": [8.75, 12.125, 9, 12.25], "texture": "#voxels_atlas" },
                "west": { "uv": [11.125, 14.375, 11.25, 14.5], "texture": "#voxels_atlas" },
                "east": { "uv": [11.125, 14.375, 11, 14.5], "texture": "#voxels_atlas" }
            }
        },
        {
            "__comment": "Voxels",
            "from": [4.25, 27, 7.75],
            "to": [4.75, 27.25, 8],
            "faces": {
                "down": { "uv": [9.125, 13.5, 9.375, 13.625], "texture": "#voxels_atlas" },
                "up": { "uv": [9.125, 13.75, 9.375, 13.625], "texture": "#voxels_atlas" },
                "north": { "uv": [15.5, 14.5, 15.25, 14.625], "texture": "#voxels_atlas" },
                "south": { "uv": [15, 14.5, 15.25, 14.625], "texture": "#voxels_atlas" },
                "west": { "uv": [9.375, 9.5, 9.5, 9.625], "texture": "#voxels_atlas" },
                "east": { "uv": [9.5, 9.625, 9.375, 9.75], "texture": "#voxels_atlas" }
            }
        },
        {
            "__comment": "Voxels",
            "from": [4.25, 27, 8.25],
            "to": [4.75, 27.25, 8.5],
            "faces": {
                "down": { "uv": [15.75, 14.875, 16, 15], "texture": "#voxels_atlas" },
                "up": { "uv": [8.75, 8.375, 9, 8.25], "texture": "#voxels_atlas" },
                "north": { "uv": [9, 8.375, 8.75, 8.5], "texture": "#voxels_atlas" },
                "south": { "uv": [8.75, 8.5, 9, 8.625], "texture": "#voxels_atlas" },
                "west": { "uv": [9.25, 8.375, 9.375, 8.5], "texture": "#voxels_atlas" },
                "east": { "uv": [9.25, 8.375, 9.125, 8.5], "texture": "#voxels_atlas" }
            }
        },
        {
            "__comment": "Voxels",
            "from": [4.25, 27.25, 8],
            "to": [12, 27.5, 8.25],
            "faces": {
                "down": { "uv": [3.5, 15.625, 7.375, 15.75], "texture": "#voxels_atlas" },
                "up": { "uv": [3.5, 15.875, 7.375, 15.75], "texture": "#voxels_atlas" },
                "north": { "uv": [7.375, 15.875, 3.5, 16], "texture": "#voxels_atlas" },
                "south": { "uv": [3.5, 15.5, 7.375, 15.625], "texture": "#voxels_atlas" },
                "west": { "uv": [9.25, 8.5, 9.375, 8.625], "texture": "#voxels_atlas" },
                "east": { "uv": [9.25, 8.5, 9.125, 8.625], "texture": "#voxels_atlas" }
            }
        },
        {
            "__comment": "Voxels",
            "from": [4.5, 20, 7.75],
            "to": [5.5, 20.25, 8.5],
            "faces": {
                "down": { "uv": [7.875, 14.75, 8.375, 15.125], "texture": "#voxels_atlas" },
                "up": { "uv": [7.875, 14.75, 8.375, 14.375], "texture": "#voxels_atlas" },
                "north": { "uv": [7.375, 14.75, 6.875, 14.875], "texture": "#voxels_atlas" },
                "south": { "uv": [6.875, 14.625, 7.375, 14.75], "texture": "#voxels_atlas" },
                "west": { "uv": [8.375, 12.75, 8.75, 12.875], "texture": "#voxels_atlas" },
                "east": { "uv": [11.625, 14.625, 11.25, 14.75], "texture": "#voxels_atlas" }
            }
        },
        {
            "__comment": "Voxels",
            "from": [4.5, 20.25, 7.75],
            "to": [5, 20.5, 8],
            "faces": {
                "down": { "uv": [8.75, 8.625, 9, 8.75], "texture": "#voxels_atlas" },
                "up": { "uv": [8.75, 8.875, 9, 8.75], "texture": "#voxels_atlas" },
                "north": { "uv": [9, 8.875, 8.75, 9], "texture": "#voxels_atlas" },
                "south": { "uv": [8.75, 9, 9, 9.125], "texture": "#voxels_atlas" },
                "west": { "uv": [9.25, 10.25, 9.375, 10.375], "texture": "#voxels_atlas" },
                "east": { "uv": [9.25, 10.25, 9.125, 10.375], "texture": "#voxels_atlas" }
            }
        },
        {
            "__comment": "Voxels",
            "from": [4.5, 20.25, 8.25],
            "to": [5, 20.5, 8.5],
            "faces": {
                "down": { "uv": [8.75, 9.125, 9, 9.25], "texture": "#voxels_atlas" },
                "up": { "uv": [8.75, 9.375, 9, 9.25], "texture": "#voxels_atlas" },
                "north": { "uv": [9, 9.375, 8.75, 9.5], "texture": "#voxels_atlas" },
                "south": { "uv": [8.75, 9.5, 9, 9.625], "texture": "#voxels_atlas" },
                "west": { "uv": [9, 9.5, 9.125, 9.625], "texture": "#voxels_atlas" },
                "east": { "uv": [9.125, 9.625, 9, 9.75], "texture": "#voxels_atlas" }
            }
        },
        {
            "__comment": "Voxels",
            "from": [4.5, 27.25, 7.75],
            "to": [5, 27.5, 8],
            "faces": {
                "down": { "uv": [8.75, 10.125, 9, 10.25], "texture": "#voxels_atlas" },
                "up": { "uv": [8.75, 10.375, 9, 10.25], "texture": "#voxels_atlas" },
                "north": { "uv": [9, 10.375, 8.75, 10.5], "texture": "#voxels_atlas" },
                "south": { "uv": [8.75, 10.5, 9, 10.625], "texture": "#voxels_atlas" },
                "west": { "uv": [14.125, 14.375, 14.25, 14.5], "texture": "#voxels_atlas" },
                "east": { "uv": [14.125, 14.375, 14, 14.5], "texture": "#voxels_atlas" }
            }
        },
        {
            "__comment": "Voxels",
            "from": [4.5, 27.25, 8.25],
            "to": [5, 27.5, 8.5],
            "faces": {
                "down": { "uv": [8.75, 11.125, 9, 11.25], "texture": "#voxels_atlas" },
                "up": { "uv": [8.75, 11.375, 9, 11.25], "texture": "#voxels_atlas" },
                "north": { "uv": [9, 11.375, 8.75, 11.5], "texture": "#voxels_atlas" },
                "south": { "uv": [8.75, 11.5, 9, 11.625], "texture": "#voxels_atlas" },
                "west": { "uv": [11.875, 14.375, 12, 14.5], "texture": "#voxels_atlas" },
                "east": { "uv": [11.875, 14.375, 11.75, 14.5], "texture": "#voxels_atlas" }
            }
        },
        {
            "__comment": "Voxels",
            "from": [4.5, 27.5, 8],
            "to": [11.75, 27.75, 8.25],
            "faces": {
                "down": { "uv": [3.5, 15, 7.125, 15.125], "texture": "#voxels_atlas" },
                "up": { "uv": [3.5, 15.5, 7.125, 15.375], "texture": "#voxels_atlas" },
                "north": { "uv": [7.125, 15.25, 3.5, 15.375], "texture": "#voxels_atlas" },
                "south": { "uv": [3.5, 15.125, 7.125, 15.25], "texture": "#voxels_atlas" },
                "west": { "uv": [11.375, 14.375, 11.5, 14.5], "texture": "#voxels_atlas" },
                "east": { "uv": [11.375, 14.375, 11.25, 14.5], "texture": "#voxels_atlas" }
            }
        },
        {
            "__comment": "Voxels",
            "from": [4.75, 19.75, 7.75],
            "to": [5.75, 20, 8.5],
            "faces": {
                "down": { "uv": [5.25, 8, 5.75, 8.375], "texture": "#voxels_atlas" },
                "up": { "uv": [5.25, 8.75, 5.75, 8.375], "texture": "#voxels_atlas" },
                "north": { "uv": [8.375, 9.5, 7.875, 9.625], "texture": "#voxels_atlas" },
                "south": { "uv": [7.875, 9.375, 8.375, 9.5], "texture": "#voxels_atlas" },
                "west": { "uv": [2.125, 8, 2.5, 8.125], "texture": "#voxels_atlas" },
                "east": { "uv": [8.25, 8.875, 7.875, 9], "texture": "#voxels_atlas" }
            }
        },
        {
            "__comment": "Voxels",
            "from": [4.75, 27.5, 7.75],
            "to": [5.5, 27.75, 8],
            "faces": {
                "down": { "uv": [7.875, 8.75, 8.25, 8.875], "texture": "#voxels_atlas" },
                "up": { "uv": [7.875, 8.75, 8.25, 8.625], "texture": "#voxels_atlas" },
                "north": { "uv": [8.25, 8, 7.875, 8.125], "texture": "#voxels_atlas" },
                "south": { "uv": [8.375, 14.125, 8.75, 14.25], "texture": "#voxels_atlas" },
                "west": { "uv": [9.375, 13.25, 9.5, 13.375], "texture": "#voxels_atlas" },
                "east": { "uv": [9.5, 13.375, 9.375, 13.5], "texture": "#voxels_atlas" }
            }
        },
        {
            "__comment": "Voxels",
            "from": [4.75, 27.5, 8.25],
            "to": [5.5, 27.75, 8.5],
            "faces": {
                "down": { "uv": [8.375, 12.125, 8.75, 12.25], "texture": "#voxels_atlas" },
                "up": { "uv": [8.375, 12.125, 8.75, 12], "texture": "#voxels_atlas" },
                "north": { "uv": [8.75, 11.875, 8.375, 12], "texture": "#voxels_atlas" },
                "south": { "uv": [8.375, 8.5, 8.75, 8.625], "texture": "#voxels_atlas" },
                "west": { "uv": [8.25, 8.25, 8.375, 8.375], "texture": "#voxels_atlas" },
                "east": { "uv": [8.375, 8.375, 8.25, 8.5], "texture": "#voxels_atlas" }
            }
        },
        {
            "__comment": "Voxels",
            "from": [4.75, 27.75, 8],
            "to": [11.5, 28, 8.25],
            "faces": {
                "down": { "uv": [3.5, 14.875, 6.875, 15], "texture": "#voxels_atlas" },
                "up": { "uv": [3.5, 14.625, 6.875, 14.5], "texture": "#voxels_atlas" },
                "north": { "uv": [6.875, 14.625, 3.5, 14.75], "texture": "#voxels_atlas" },
                "south": { "uv": [3.5, 14.75, 6.875, 14.875], "texture": "#voxels_atlas" },
                "west": { "uv": [13.125, 14.375, 13.25, 14.5], "texture": "#voxels_atlas" },
                "east": { "uv": [13.125, 14.375, 13, 14.5], "texture": "#voxels_atlas" }
            }
        },
        {
            "__comment": "Voxels",
            "from": [5, 19.5, 7.75],
            "to": [6, 19.75, 8.5],
            "faces": {
                "down": { "uv": [5.25, 8.75, 5.75, 9.125], "texture": "#voxels_atlas" },
                "up": { "uv": [3, 11.375, 3.5, 11], "texture": "#voxels_atlas" },
                "north": { "uv": [8.375, 9.875, 7.875, 10], "texture": "#voxels_atlas" },
                "south": { "uv": [7.875, 10, 8.375, 10.125], "texture": "#voxels_atlas" },
                "west": { "uv": [14.25, 14.875, 14.625, 15], "texture": "#voxels_atlas" },
                "east": { "uv": [13.5, 14.875, 13.125, 15], "texture": "#voxels_atlas" }
            }
        },
        {
            "__comment": "Voxels",
            "from": [5, 26.25, 8],
            "to": [5.25, 26.5, 8.25],
            "faces": {
                "down": { "uv": [15.875, 15.125, 16, 15.25], "texture": "#voxels_atlas" },
                "up": { "uv": [15.875, 15.125, 16, 15], "texture": "#voxels_atlas" },
                "north": { "uv": [9.125, 10.875, 9, 11], "texture": "#voxels_atlas" },
                "south": { "uv": [9, 10.75, 9.125, 10.875], "texture": "#voxels_atlas" },
                "west": { "uv": [9, 10.125, 9.125, 10.25], "texture": "#voxels_atlas" },
                "east": { "uv": [9.125, 10, 9, 10.125], "texture": "#voxels_atlas" }
            }
        },
        {
            "__comment": "Voxels",
            "from": [5, 27.75, 7.75],
            "to": [6, 28, 8],
            "faces": {
                "down": { "uv": [3, 10.875, 3.5, 11], "texture": "#voxels_atlas" },
                "up": { "uv": [7.875, 12.75, 8.375, 12.625], "texture": "#voxels_atlas" },
                "north": { "uv": [8.375, 12.75, 7.875, 12.875], "texture": "#voxels_atlas" },
                "south": { "uv": [7.875, 12.875, 8.375, 13], "texture": "#voxels_atlas" },
                "west": { "uv": [9.25, 10.375, 9.375, 10.5], "texture": "#voxels_atlas" },
                "east": { "uv": [9.25, 10, 9.125, 10.125], "texture": "#voxels_atlas" }
            }
        },
        {
            "__comment": "Voxels",
            "from": [5, 27.75, 8.25],
            "to": [6, 28, 8.5],
            "faces": {
                "down": { "uv": [7.875, 13.25, 8.375, 13.375], "texture": "#voxels_atlas" },
                "up": { "uv": [6.875, 15, 7.375, 14.875], "texture": "#voxels_atlas" },
                "north": { "uv": [8.375, 12.375, 7.875, 12.5], "texture": "#voxels_atlas" },
                "south": { "uv": [7.875, 12.5, 8.375, 12.625], "texture": "#voxels_atlas" },
                "west": { "uv": [9.375, 9.25, 9.5, 9.375], "texture": "#voxels_atlas" },
                "east": { "uv": [9.5, 8.875, 9.375, 9], "texture": "#voxels_atlas" }
            }
        },
        {
            "__comment": "Voxels",
            "from": [5, 28, 8],
            "to": [11.25, 28.25, 8.25],
            "faces": {
                "down": { "uv": [3.5, 14.25, 6.625, 14.375], "texture": "#voxels_atlas" },
                "up": { "uv": [3.5, 14.5, 6.625, 14.375], "texture": "#voxels_atlas" },
                "north": { "uv": [6.625, 14, 3.5, 14.125], "texture": "#voxels_atlas" },
                "south": { "uv": [3.5, 14.125, 6.625, 14.25], "texture": "#voxels_atlas" },
                "west": { "uv": [9.375, 8.75, 9.5, 8.875], "texture": "#voxels_atlas" },
                "east": { "uv": [11.75, 14.375, 11.625, 14.5], "texture": "#voxels_atlas" }
            }
        },
        {
            "__comment": "Voxels",
            "from": [5.5, 19.25, 7.75],
            "to": [6.5, 19.5, 8.5],
            "faces": {
                "down": { "uv": [7.875, 15.5, 8.375, 15.875], "texture": "#voxels_atlas" },
                "up": { "uv": [7.875, 15.5, 8.375, 15.125], "texture": "#voxels_atlas" },
                "north": { "uv": [8.375, 9.625, 7.875, 9.75], "texture": "#voxels_atlas" },
                "south": { "uv": [7.875, 9.75, 8.375, 9.875], "texture": "#voxels_atlas" },
                "west": { "uv": [10.125, 14.625, 10.5, 14.75], "texture": "#voxels_atlas" },
                "east": { "uv": [10.125, 14.625, 9.75, 14.75], "texture": "#voxels_atlas" }
            }
        },
        {
            "__comment": "Voxels",
            "from": [5.5, 20, 8],
            "to": [10.25, 20.25, 8.25],
            "faces": {
                "down": { "uv": [3.5, 12.875, 5.875, 13], "texture": "#voxels_atlas" },
                "up": { "uv": [3.5, 12.875, 5.875, 12.75], "texture": "#voxels_atlas" },
                "north": { "uv": [5.875, 12.625, 3.5, 12.75], "texture": "#voxels_atlas" },
                "south": { "uv": [3.5, 12.5, 5.875, 12.625], "texture": "#voxels_atlas" },
                "west": { "uv": [12.5, 14.375, 12.625, 14.5], "texture": "#voxels_atlas" },
                "east": { "uv": [12.75, 14.375, 12.625, 14.5], "texture": "#voxels_atlas" }
            }
        },
        {
            "__comment": "Voxels",
            "from": [5.5, 26.75, 8],
            "to": [6, 27, 8.25],
            "faces": {
                "down": { "uv": [8.75, 11.625, 9, 11.75], "texture": "#voxels_atlas" },
                "up": { "uv": [8.75, 11.875, 9, 11.75], "texture": "#voxels_atlas" },
                "north": { "uv": [9, 11.875, 8.75, 12], "texture": "#voxels_atlas" },
                "south": { "uv": [8.75, 12, 9, 12.125], "texture": "#voxels_atlas" },
                "west": { "uv": [7.25, 11.5, 7.375, 11.625], "texture": "#voxels_atlas" },
                "east": { "uv": [7.375, 11.375, 7.25, 11.5], "texture": "#voxels_atlas" }
            }
        },
        {
            "__comment": "Voxels",
            "from": [5.5, 28, 7.75],
            "to": [6.5, 28.25, 8],
            "faces": {
                "down": { "uv": [7.875, 10.625, 8.375, 10.75], "texture": "#voxels_atlas" },
                "up": { "uv": [7.875, 10.875, 8.375, 10.75], "texture": "#voxels_atlas" },
                "north": { "uv": [8.375, 10.875, 7.875, 11], "texture": "#voxels_atlas" },
                "south": { "uv": [7.875, 11, 8.375, 11.125], "texture": "#voxels_atlas" },
                "west": { "uv": [7.25, 11.25, 7.375, 11.375], "texture": "#voxels_atlas" },
                "east": { "uv": [9.375, 10.625, 9.25, 10.75], "texture": "#voxels_atlas" }
            }
        },
        {
            "__comment": "Voxels",
            "from": [5.5, 28, 8.25],
            "to": [6.5, 28.25, 8.5],
            "faces": {
                "down": { "uv": [7.875, 13.375, 8.375, 13.5], "texture": "#voxels_atlas" },
                "up": { "uv": [7.875, 13.25, 8.375, 13.125], "texture": "#voxels_atlas" },
                "north": { "uv": [8.375, 12.25, 7.875, 12.375], "texture": "#voxels_atlas" },
                "south": { "uv": [7.875, 12.125, 8.375, 12.25], "texture": "#voxels_atlas" },
                "west": { "uv": [9.125, 11.125, 9.25, 11.25], "texture": "#voxels_atlas" },
                "east": { "uv": [9.125, 10.375, 9, 10.5], "texture": "#voxels_atlas" }
            }
        },
        {
            "__comment": "Voxels",
            "from": [5.5, 28.25, 8],
            "to": [10.75, 28.5, 8.25],
            "faces": {
                "down": { "uv": [3.5, 13, 6.125, 13.125], "texture": "#voxels_atlas" },
                "up": { "uv": [3.5, 13.5, 6.125, 13.375], "texture": "#voxels_atlas" },
                "north": { "uv": [6.125, 13.125, 3.5, 13.25], "texture": "#voxels_atlas" },
                "south": { "uv": [3.5, 13.25, 6.125, 13.375], "texture": "#voxels_atlas" },
                "west": { "uv": [9, 10.25, 9.125, 10.375], "texture": "#voxels_atlas" },
                "east": { "uv": [9.25, 10.375, 9.125, 10.5], "texture": "#voxels_atlas" }
            }
        },
        {
            "__comment": "Voxels",
            "from": [5.75, 19.75, 8],
            "to": [10.25, 20, 8.25],
            "faces": {
                "down": { "uv": [3.5, 12.375, 5.75, 12.5], "texture": "#voxels_atlas" },
                "up": { "uv": [3.5, 12.375, 5.75, 12.25], "texture": "#voxels_atlas" },
                "north": { "uv": [5.75, 12.125, 3.5, 12.25], "texture": "#voxels_atlas" },
                "south": { "uv": [3.5, 12, 5.75, 12.125], "texture": "#voxels_atlas" },
                "west": { "uv": [9.25, 8.25, 9.375, 8.375], "texture": "#voxels_atlas" },
                "east": { "uv": [9.5, 13.125, 9.375, 13.25], "texture": "#voxels_atlas" }
            }
        },
        {
            "__comment": "Voxels",
            "from": [6, 19, 7.75],
            "to": [9.5, 19.25, 8.5],
            "faces": {
                "down": { "uv": [1.75, 15.25, 3.5, 15.625], "texture": "#voxels_atlas" },
                "up": { "uv": [1.75, 16, 3.5, 15.625], "texture": "#voxels_atlas" },
                "north": { "uv": [7.375, 11.875, 5.625, 12], "texture": "#voxels_atlas" },
                "south": { "uv": [5.625, 11.75, 7.375, 11.875], "texture": "#voxels_atlas" },
                "west": { "uv": [8.375, 14.25, 8.75, 14.375], "texture": "#voxels_atlas" },
                "east": { "uv": [16, 15.25, 15.625, 15.375], "texture": "#voxels_atlas" }
            }
        },
        {
            "__comment": "Voxels",
            "from": [6, 19.5, 8],
            "to": [10.25, 19.75, 8.25],
            "faces": {
                "down": { "uv": [3.75, 10.5, 5.875, 10.625], "texture": "#voxels_atlas" },
                "up": { "uv": [3.875, 10.5, 6, 10.375], "texture": "#voxels_atlas" },
                "north": { "uv": [5.75, 10.625, 3.625, 10.75], "texture": "#voxels_atlas" },
                "south": { "uv": [4, 10, 6.125, 10.125], "texture": "#voxels_atlas" },
                "west": { "uv": [9.375, 10.25, 9.5, 10.375], "texture": "#voxels_atlas" },
                "east": { "uv": [9.5, 9.375, 9.375, 9.5], "texture": "#voxels_atlas" }
            }
        },
        {
            "__comment": "Voxels",
            "from": [6, 28.25, 7.75],
            "to": [10.25, 28.5, 8],
            "faces": {
                "down": { "uv": [3.5, 11.875, 5.625, 12], "texture": "#voxels_atlas" },
                "up": { "uv": [4, 10.25, 6.125, 10.125], "texture": "#voxels_atlas" },
                "north": { "uv": [5.625, 11.75, 3.5, 11.875], "texture": "#voxels_atlas" },
                "south": { "uv": [3.5, 11.625, 5.625, 11.75], "texture": "#voxels_atlas" },
                "west": { "uv": [9.375, 8.5, 9.5, 8.625], "texture": "#voxels_atlas" },
                "east": { "uv": [9.625, 14.375, 9.5, 14.5], "texture": "#voxels_atlas" }
            }
        },
        {
            "__comment": "Voxels",
            "from": [6, 28.25, 8.25],
            "to": [10.25, 28.5, 8.5],
            "faces": {
                "down": { "uv": [3.5, 11.5, 5.625, 11.625], "texture": "#voxels_atlas" },
                "up": { "uv": [3.5, 11.5, 5.625, 11.375], "texture": "#voxels_atlas" },
                "north": { "uv": [5.625, 11.25, 3.5, 11.375], "texture": "#voxels_atlas" },
                "south": { "uv": [3.5, 11.125, 5.625, 11.25], "texture": "#voxels_atlas" },
                "west": { "uv": [9.625, 14.375, 9.75, 14.5], "texture": "#voxels_atlas" },
                "east": { "uv": [10.875, 14.375, 10.75, 14.5], "texture": "#voxels_atlas" }
            }
        },
        {
            "__comment": "Voxels",
            "from": [6, 28.5, 8],
            "to": [10.25, 28.75, 8.25],
            "faces": {
                "down": { "uv": [3.5, 11, 5.625, 11.125], "texture": "#voxels_atlas" },
                "up": { "uv": [3.875, 10.375, 6, 10.25], "texture": "#voxels_atlas" },
                "north": { "uv": [5.75, 10.875, 3.625, 11], "texture": "#voxels_atlas" },
                "south": { "uv": [3.625, 10.75, 5.75, 10.875], "texture": "#voxels_atlas" },
                "west": { "uv": [10.875, 14.375, 11, 14.5], "texture": "#voxels_atlas" },
                "east": { "uv": [11.625, 14.375, 11.5, 14.5], "texture": "#voxels_atlas" }
            }
        },
        {
            "__comment": "Voxels",
            "from": [6.5, 18.75, 7.75],
            "to": [9.75, 19, 8.5],
            "faces": {
                "down": { "uv": [1.75, 14.5, 3.375, 14.875], "texture": "#voxels_atlas" },
                "up": { "uv": [1.75, 15.25, 3.375, 14.875], "texture": "#voxels_atlas" },
                "north": { "uv": [7.375, 12, 5.75, 12.125], "texture": "#voxels_atlas" },
                "south": { "uv": [5.625, 11, 7.25, 11.125], "texture": "#voxels_atlas" },
                "west": { "uv": [15.375, 14.75, 15.75, 14.875], "texture": "#voxels_atlas" },
                "east": { "uv": [13.875, 14.75, 13.5, 14.875], "texture": "#voxels_atlas" }
            }
        },
        {
            "__comment": "Voxels",
            "from": [6.5, 19.25, 8],
            "to": [10.25, 19.5, 8.25],
            "faces": {
                "down": { "uv": [4.625, 9.875, 6.5, 10], "texture": "#voxels_atlas" },
                "up": { "uv": [4.625, 9.875, 6.5, 9.75], "texture": "#voxels_atlas" },
                "north": { "uv": [6.5, 9.625, 4.625, 9.75], "texture": "#voxels_atlas" },
                "south": { "uv": [4.625, 9.5, 6.5, 9.625], "texture": "#voxels_atlas" },
                "west": { "uv": [13.875, 14.375, 14, 14.5], "texture": "#voxels_atlas" },
                "east": { "uv": [7.375, 11.625, 7.25, 11.75], "texture": "#voxels_atlas" }
            }
        },
        {
            "__comment": "Voxels",
            "from": [6.5, 28.5, 7.75],
            "to": [9.75, 28.75, 8],
            "faces": {
                "down": { "uv": [5.625, 11.125, 7.25, 11.25], "texture": "#voxels_atlas" },
                "up": { "uv": [7.5, 16, 9.125, 15.875], "texture": "#voxels_atlas" },
                "north": { "uv": [7.375, 10.625, 5.75, 10.75], "texture": "#voxels_atlas" },
                "south": { "uv": [5.75, 10.75, 7.375, 10.875], "texture": "#voxels_atlas" },
                "west": { "uv": [13.75, 14.375, 13.875, 14.5], "texture": "#voxels_atlas" },
                "east": { "uv": [13.375, 14.375, 13.25, 14.5], "texture": "#voxels_atlas" }
            }
        },
        {
            "__comment": "Voxels",
            "from": [6.5, 28.5, 8.25],
            "to": [9.75, 28.75, 8.5],
            "faces": {
                "down": { "uv": [5.75, 10.875, 7.375, 11], "texture": "#voxels_atlas" },
                "up": { "uv": [5.75, 12.375, 7.375, 12.25], "texture": "#voxels_atlas" },
                "north": { "uv": [7.375, 12.125, 5.75, 12.25], "texture": "#voxels_atlas" },
                "south": { "uv": [5.75, 12.375, 7.375, 12.5], "texture": "#voxels_atlas" },
                "west": { "uv": [10.625, 14.375, 10.75, 14.5], "texture": "#voxels_atlas" },
                "east": { "uv": [10.125, 14.375, 10, 14.5], "texture": "#voxels_atlas" }
            }
        },
        {
            "__comment": "Voxels",
            "from": [6.5, 28.75, 8],
            "to": [9.75, 29, 8.25],
            "faces": {
                "down": { "uv": [5.625, 11.5, 7.25, 11.625], "texture": "#voxels_atlas" },
                "up": { "uv": [5.625, 11.375, 7.25, 11.25], "texture": "#voxels_atlas" },
                "north": { "uv": [7.25, 11.375, 5.625, 11.5], "texture": "#voxels_atlas" },
                "south": { "uv": [5.625, 11.625, 7.25, 11.75], "texture": "#voxels_atlas" },
                "west": { "uv": [9.375, 10, 9.5, 10.125], "texture": "#voxels_atlas" },
                "east": { "uv": [9.5, 10.125, 9.375, 10.25], "texture": "#voxels_atlas" }
            }
        },
        {
            "__comment": "Voxels",
            "from": [7, 9.25, 7.75],
            "to": [8.75, 10, 8.5],
            "faces": {
                "down": { "uv": [1.75, 12.5, 2.625, 12.875], "texture": "#voxels_atlas" },
                "up": { "uv": [2.625, 12.875, 3.5, 12.5], "texture": "#voxels_atlas" },
                "north": { "uv": [2.625, 12.125, 1.75, 12.5], "texture": "#voxels_atlas" },
                "south": { "uv": [2.625, 11.75, 3.5, 12.125], "texture": "#voxels_atlas" },
                "west": { "uv": [3.125, 8.5, 3.5, 8.875], "texture": "#voxels_atlas" },
                "east": { "uv": [7.875, 13.375, 7.5, 13.75], "texture": "#voxels_atlas" }
            }
        },
        {
            "__comment": "Voxels",
            "from": [7, 11.5, 7.75],
            "to": [8.75, 11.75, 8.5],
            "faces": {
                "down": { "uv": [1.75, 11.375, 2.625, 11.75], "texture": "#voxels_atlas" },
                "up": { "uv": [2.625, 13.25, 3.5, 12.875], "texture": "#voxels_atlas" },
                "north": { "uv": [13.625, 15.375, 12.75, 15.5], "texture": "#voxels_atlas" },
                "south": { "uv": [11.875, 15.375, 12.75, 15.5], "texture": "#voxels_atlas" },
                "west": { "uv": [8.375, 10.125, 8.75, 10.25], "texture": "#voxels_atlas" },
                "east": { "uv": [8.75, 10.25, 8.375, 10.375], "texture": "#voxels_atlas" }
            }
        },
        {
            "__comment": "Voxels",
            "from": [7, 16, 7.75],
            "to": [8.75, 16.25, 8.5],
            "faces": {
                "down": { "uv": [2.625, 11.375, 3.5, 11.75], "texture": "#voxels_atlas" },
                "up": { "uv": [1.75, 13.25, 2.625, 12.875], "texture": "#voxels_atlas" },
                "north": { "uv": [11.875, 15.375, 11, 15.5], "texture": "#voxels_atlas" },
                "south": { "uv": [10.125, 15.375, 11, 15.5], "texture": "#voxels_atlas" },
                "west": { "uv": [15, 14.875, 15.375, 15], "texture": "#voxels_atlas" },
                "east": { "uv": [15.75, 14.875, 15.375, 15], "texture": "#voxels_atlas" }
            }
        },
        {
            "__comment": "Voxels",
            "from": [7, 17.75, 7.75],
            "to": [8.75, 18.75, 8.5],
            "faces": {
                "down": { "uv": [1.75, 11.75, 2.625, 12.125], "texture": "#voxels_atlas" },
                "up": { "uv": [2.625, 12.5, 3.5, 12.125], "texture": "#voxels_atlas" },
                "north": { "uv": [3.5, 13.25, 2.625, 13.75], "texture": "#voxels_atlas" },
                "south": { "uv": [1.75, 13.25, 2.625, 13.75], "texture": "#voxels_atlas" },
                "west": { "uv": [7.5, 15.375, 7.875, 15.875], "texture": "#voxels_atlas" },
                "east": { "uv": [1.75, 8.125, 1.375, 8.625], "texture": "#voxels_atlas" }
            }
        },
        {
            "__comment": "Voxels",
            "from": [7.25, 9, 7.75],
            "to": [8.5, 9.25, 8.5],
            "faces": {
                "down": { "uv": [4, 8.125, 4.625, 8.5], "texture": "#voxels_atlas" },
                "up": { "uv": [4.625, 9.5, 5.25, 9.125], "texture": "#voxels_atlas" },
                "north": { "uv": [11.5, 15, 10.875, 15.125], "texture": "#voxels_atlas" },
                "south": { "uv": [11.5, 15, 12.125, 15.125], "texture": "#voxels_atlas" },
                "west": { "uv": [12.75, 14.75, 13.125, 14.875], "texture": "#voxels_atlas" },
                "east": { "uv": [13.5, 14.75, 13.125, 14.875], "texture": "#voxels_atlas" }
            }
        },
        {
            "__comment": "Voxels",
            "from": [7.25, 9.25, 7.5],
            "to": [8.5, 10, 7.75],
            "faces": {
                "down": { "uv": [12.125, 15, 12.75, 15.125], "texture": "#voxels_atlas" },
                "up": { "uv": [12.75, 15.125, 13.375, 15], "texture": "#voxels_atlas" },
                "north": { "uv": [5.25, 8.75, 4.625, 9.125], "texture": "#voxels_atlas" },
                "south": { "uv": [4, 9.25, 4.625, 9.625], "texture": "#voxels_atlas" },
                "west": { "uv": [5.75, 8.75, 5.875, 9.125], "texture": "#voxels_atlas" },
                "east": { "uv": [5.875, 8.375, 5.75, 8.75], "texture": "#voxels_atlas" }
            }
        },
        {
            "__comment": "Voxels",
            "from": [7.25, 9.25, 8.5],
            "to": [8.5, 10, 8.75],
            "faces": {
                "down": { "uv": [13.375, 15, 14, 15.125], "texture": "#voxels_atlas" },
                "up": { "uv": [14, 15.125, 14.625, 15], "texture": "#voxels_atlas" },
                "north": { "uv": [3.125, 8.125, 2.5, 8.5], "texture": "#voxels_atlas" },
                "south": { "uv": [4, 9.625, 4.625, 10], "texture": "#voxels_atlas" },
                "west": { "uv": [8.25, 10.25, 8.375, 10.625], "texture": "#voxels_atlas" },
                "east": { "uv": [9.125, 14.25, 9, 14.625], "texture": "#voxels_atlas" }
            }
        },
        {
            "__comment": "Voxels",
            "from": [7.25, 10, 7.75],
            "to": [8.5, 11.5, 8.5],
            "faces": {
                "down": { "uv": [2.5, 8.5, 3.125, 8.875], "texture": "#voxels_atlas" },
                "up": { "uv": [5.25, 9.5, 5.875, 9.125], "texture": "#voxels_atlas" },
                "north": { "uv": [0.625, 8.125, 0, 8.875], "texture": "#voxels_atlas" },
                "south": { "uv": [0, 8.875, 0.625, 9.625], "texture": "#voxels_atlas" },
                "west": { "uv": [2.875, 8.875, 3.25, 9.625], "texture": "#voxels_atlas" },
                "east": { "uv": [2.875, 8.875, 2.5, 9.625], "texture": "#voxels_atlas" }
            }
        },
        {
            "__comment": "Voxels",
            "from": [7.25, 11.5, 7.5],
            "to": [8.5, 11.75, 7.75],
            "faces": {
                "down": { "uv": [14.625, 15, 15.25, 15.125], "texture": "#voxels_atlas" },
                "up": { "uv": [15.25, 15.125, 15.875, 15], "texture": "#voxels_atlas" },
                "north": { "uv": [9, 14.875, 8.375, 15], "texture": "#voxels_atlas" },
                "south": { "uv": [8.375, 14.75, 9, 14.875], "texture": "#voxels_atlas" },
                "west": { "uv": [10.5, 14.375, 10.625, 14.5], "texture": "#voxels_atlas" },
                "east": { "uv": [10.25, 14.375, 10.125, 14.5], "texture": "#voxels_atlas" }
            }
        },
        {
            "__comment": "Voxels",
            "from": [7.25, 11.5, 8.5],
            "to": [8.5, 11.75, 8.75],
            "faces": {
                "down": { "uv": [8.375, 14.625, 9, 14.75], "texture": "#voxels_atlas" },
                "up": { "uv": [8.375, 14.625, 9, 14.5], "texture": "#voxels_atlas" },
                "north": { "uv": [9, 14.375, 8.375, 14.5], "texture": "#voxels_atlas" },
                "south": { "uv": [0, 8, 0.625, 8.125], "texture": "#voxels_atlas" },
                "west": { "uv": [9.375, 8.625, 9.5, 8.75], "texture": "#voxels_atlas" },
                "east": { "uv": [13.5, 14.375, 13.375, 14.5], "texture": "#voxels_atlas" }
            }
        },
        {
            "__comment": "Voxels",
            "from": [7.25, 11.75, 7.75],
            "to": [8.5, 16, 8.5],
            "faces": {
                "down": { "uv": [4.625, 8, 5.25, 8.375], "texture": "#voxels_atlas" },
                "up": { "uv": [4.625, 8.75, 5.25, 8.375], "texture": "#voxels_atlas" },
                "north": { "uv": [0.625, 11.75, 0, 13.875], "texture": "#voxels_atlas" },
                "south": { "uv": [0, 13.875, 0.625, 16], "texture": "#voxels_atlas" },
                "west": { "uv": [0.625, 10.625, 1, 12.75], "texture": "#voxels_atlas" },
                "east": { "uv": [1, 8.5, 0.625, 10.625], "texture": "#voxels_atlas" }
            }
        },
        {
            "__comment": "Voxels",
            "from": [7.25, 16, 7.5],
            "to": [8.5, 16.25, 7.75],
            "faces": {
                "down": { "uv": [2.5, 8, 3.125, 8.125], "texture": "#voxels_atlas" },
                "up": { "uv": [4, 8.125, 4.625, 8], "texture": "#voxels_atlas" },
                "north": { "uv": [15, 15.25, 14.375, 15.375], "texture": "#voxels_atlas" },
                "south": { "uv": [15, 15.25, 15.625, 15.375], "texture": "#voxels_atlas" },
                "west": { "uv": [9.375, 10.375, 9.5, 10.5], "texture": "#voxels_atlas" },
                "east": { "uv": [9.5, 13, 9.375, 13.125], "texture": "#voxels_atlas" }
            }
        },
        {
            "__comment": "Voxels",
            "from": [7.25, 16, 8.5],
            "to": [8.5, 16.25, 8.75],
            "faces": {
                "down": { "uv": [8.375, 15.125, 9, 15.25], "texture": "#voxels_atlas" },
                "up": { "uv": [9, 15.25, 9.625, 15.125], "texture": "#voxels_atlas" },
                "north": { "uv": [10.25, 15.125, 9.625, 15.25], "texture": "#voxels_atlas" },
                "south": { "uv": [10.25, 15.125, 10.875, 15.25], "texture": "#voxels_atlas" },
                "west": { "uv": [9.125, 8.25, 9.25, 8.375], "texture": "#voxels_atlas" },
                "east": { "uv": [9.375, 10, 9.25, 10.125], "texture": "#voxels_atlas" }
            }
        },
        {
            "__comment": "Voxels",
            "from": [7.25, 16.25, 7.75],
            "to": [8.5, 17.75, 8.5],
            "faces": {
                "down": { "uv": [4, 8.5, 4.625, 8.875], "texture": "#voxels_atlas" },
                "up": { "uv": [4, 9.25, 4.625, 8.875], "texture": "#voxels_atlas" },
                "north": { "uv": [3, 13.75, 2.375, 14.5], "texture": "#voxels_atlas" },
                "south": { "uv": [1.75, 13.75, 2.375, 14.5], "texture": "#voxels_atlas" },
                "west": { "uv": [3, 13.75, 3.375, 14.5], "texture": "#voxels_atlas" },
                "east": { "uv": [2.125, 9.625, 1.75, 10.375], "texture": "#voxels_atlas" }
            }
        },
        {
            "__comment": "Voxels",
            "from": [7.25, 17.75, 7.5],
            "to": [8.5, 18.75, 7.75],
            "faces": {
                "down": { "uv": [10.25, 15, 10.875, 15.125], "texture": "#voxels_atlas" },
                "up": { "uv": [10.875, 15.25, 11.5, 15.125], "texture": "#voxels_atlas" },
                "north": { "uv": [3, 10.875, 2.375, 11.375], "texture": "#voxels_atlas" },
                "south": { "uv": [1.75, 10.375, 2.375, 10.875], "texture": "#voxels_atlas" },
                "west": { "uv": [3.625, 8, 3.75, 8.5], "texture": "#voxels_atlas" },
                "east": { "uv": [7.5, 9.25, 7.375, 9.75], "texture": "#voxels_atlas" }
            }
        },
        {
            "__comment": "Voxels",
            "from": [7.25, 17.75, 8.5],
            "to": [8.5, 18.75, 8.75],
            "faces": {
                "down": { "uv": [11.5, 15.125, 12.125, 15.25], "texture": "#voxels_atlas" },
                "up": { "uv": [12.125, 15.25, 12.75, 15.125], "texture": "#voxels_atlas" },
                "north": { "uv": [2.375, 10.875, 1.75, 11.375], "texture": "#voxels_atlas" },
                "south": { "uv": [0.625, 8, 1.25, 8.5], "texture": "#voxels_atlas" },
                "west": { "uv": [7.375, 8.75, 7.5, 9.25], "texture": "#voxels_atlas" },
                "east": { "uv": [7.5, 8.25, 7.375, 8.75], "texture": "#voxels_atlas" }
            }
        },
        {
            "__comment": "Voxels",
            "from": [7.5, 8.75, 7.75],
            "to": [8.25, 9, 8.5],
            "faces": {
                "down": { "uv": [7.5, 14.5, 7.875, 14.875], "texture": "#voxels_atlas" },
                "up": { "uv": [7.5, 14.5, 7.875, 14.125], "texture": "#voxels_atlas" },
                "north": { "uv": [8.75, 11.375, 8.375, 11.5], "texture": "#voxels_atlas" },
                "south": { "uv": [8.375, 11.25, 8.75, 11.375], "texture": "#voxels_atlas" },
                "west": { "uv": [8.375, 11.125, 8.75, 11.25], "texture": "#voxels_atlas" },
                "east": { "uv": [8.75, 11, 8.375, 11.125], "texture": "#voxels_atlas" }
            }
        },
        {
            "__comment": "Voxels",
            "from": [7.5, 9, 7.5],
            "to": [8.25, 9.25, 7.75],
            "faces": {
                "down": { "uv": [8.375, 10.625, 8.75, 10.75], "texture": "#voxels_atlas" },
                "up": { "uv": [8.375, 10.625, 8.75, 10.5], "texture": "#voxels_atlas" },
                "north": { "uv": [8.75, 8.875, 8.375, 9], "texture": "#voxels_atlas" },
                "south": { "uv": [8.375, 8.75, 8.75, 8.875], "texture": "#voxels_atlas" },
                "west": { "uv": [8.25, 8, 8.375, 8.125], "texture": "#voxels_atlas" },
                "east": { "uv": [8.375, 8.125, 8.25, 8.25], "texture": "#voxels_atlas" }
            }
        },
        {
            "__comment": "Voxels",
            "from": [7.5, 9, 8.5],
            "to": [8.25, 9.25, 8.75],
            "faces": {
                "down": { "uv": [8.375, 8.25, 8.75, 8.375], "texture": "#voxels_atlas" },
                "up": { "uv": [8.375, 8.25, 8.75, 8.125], "texture": "#voxels_atlas" },
                "north": { "uv": [8.75, 8, 8.375, 8.125], "texture": "#voxels_atlas" },
                "south": { "uv": [9.75, 14.875, 10.125, 15], "texture": "#voxels_atlas" },
                "west": { "uv": [12.375, 14.375, 12.5, 14.5], "texture": "#voxels_atlas" },
                "east": { "uv": [12.375, 14.375, 12.25, 14.5], "texture": "#voxels_atlas" }
            }
        },
        {
            "__comment": "Voxels",
            "from": [7.5, 9.25, 7.25],
            "to": [8.25, 10, 7.5],
            "faces": {
                "down": { "uv": [12.375, 14.875, 12.75, 15], "texture": "#voxels_atlas" },
                "up": { "uv": [12.75, 15, 13.125, 14.875], "texture": "#voxels_atlas" },
                "north": { "uv": [7.875, 13.75, 7.5, 14.125], "texture": "#voxels_atlas" },
                "south": { "uv": [7.5, 13, 7.875, 13.375], "texture": "#voxels_atlas" },
                "west": { "uv": [3.375, 14.5, 3.5, 14.875], "texture": "#voxels_atlas" },
                "east": { "uv": [3.875, 8, 3.75, 8.375], "texture": "#voxels_atlas" }
            }
        },
        {
            "__comment": "Voxels",
            "from": [7.5, 9.25, 8.75],
            "to": [8.25, 10, 9],
            "faces": {
                "down": { "uv": [14.625, 14.875, 15, 15], "texture": "#voxels_atlas" },
                "up": { "uv": [11.625, 14.875, 12, 14.75], "texture": "#voxels_atlas" },
                "north": { "uv": [7.875, 12.625, 7.5, 13], "texture": "#voxels_atlas" },
                "south": { "uv": [7.5, 12.25, 7.875, 12.625], "texture": "#voxels_atlas" },
                "west": { "uv": [5.75, 8, 5.875, 8.375], "texture": "#voxels_atlas" },
                "east": { "uv": [3.5, 14.875, 3.375, 15.25], "texture": "#voxels_atlas" }
            }
        },
        {
            "__comment": "Voxels",
            "from": [7.5, 10, 7.5],
            "to": [8.25, 11.5, 7.75],
            "faces": {
                "down": { "uv": [12, 14.875, 12.375, 15], "texture": "#voxels_atlas" },
                "up": { "uv": [10.125, 15, 10.5, 14.875], "texture": "#voxels_atlas" },
                "north": { "uv": [2.125, 8.875, 1.75, 9.625], "texture": "#voxels_atlas" },
                "south": { "uv": [2.875, 9.625, 3.25, 10.375], "texture": "#voxels_atlas" },
                "west": { "uv": [3.375, 8.875, 3.5, 9.625], "texture": "#voxels_atlas" },
                "east": { "uv": [3.5, 9.625, 3.375, 10.375], "texture": "#voxels_atlas" }
            }
        },
        {
            "__comment": "Voxels",
            "from": [7.5, 10, 8.5],
            "to": [8.25, 11.5, 8.75],
            "faces": {
                "down": { "uv": [8.375, 8.375, 8.75, 8.5], "texture": "#voxels_atlas" },
                "up": { "uv": [8.375, 8.75, 8.75, 8.625], "texture": "#voxels_atlas" },
                "north": { "uv": [1.75, 8.625, 1.375, 9.375], "texture": "#voxels_atlas" },
                "south": { "uv": [2.5, 9.625, 2.875, 10.375], "texture": "#voxels_atlas" },
                "west": { "uv": [3.375, 13.75, 3.5, 14.5], "texture": "#voxels_atlas" },
                "east": { "uv": [3.625, 8.125, 3.5, 8.875], "texture": "#voxels_atlas" }
            }
        },
        {
            "__comment": "Voxels",
            "from": [7.5, 11.5, 7.25],
            "to": [8.25, 11.75, 7.5],
            "faces": {
                "down": { "uv": [8.375, 12.25, 8.75, 12.375], "texture": "#voxels_atlas" },
                "up": { "uv": [8.375, 12.5, 8.75, 12.375], "texture": "#voxels_atlas" },
                "north": { "uv": [8.75, 12.5, 8.375, 12.625], "texture": "#voxels_atlas" },
                "south": { "uv": [8.375, 12.625, 8.75, 12.75], "texture": "#voxels_atlas" },
                "west": { "uv": [9, 9.375, 9.125, 9.5], "texture": "#voxels_atlas" },
                "east": { "uv": [9.125, 9.25, 9, 9.375], "texture": "#voxels_atlas" }
            }
        },
        {
            "__comment": "Voxels",
            "from": [7.5, 11.5, 8.75],
            "to": [8.25, 11.75, 9],
            "faces": {
                "down": { "uv": [8.375, 12.875, 8.75, 13], "texture": "#voxels_atlas" },
                "up": { "uv": [8.375, 13.125, 8.75, 13], "texture": "#voxels_atlas" },
                "north": { "uv": [8.75, 13.125, 8.375, 13.25], "texture": "#voxels_atlas" },
                "south": { "uv": [8.375, 13.75, 8.75, 13.875], "texture": "#voxels_atlas" },
                "west": { "uv": [9.125, 9.875, 9.25, 10], "texture": "#voxels_atlas" },
                "east": { "uv": [9.375, 9.875, 9.25, 10], "texture": "#voxels_atlas" }
            }
        },
        {
            "__comment": "Voxels",
            "from": [7.5, 11.75, 7.5],
            "to": [8.25, 16, 7.75],
            "faces": {
                "down": { "uv": [8.375, 13.875, 8.75, 14], "texture": "#voxels_atlas" },
                "up": { "uv": [8.375, 14.125, 8.75, 14], "texture": "#voxels_atlas" },
                "north": { "uv": [1.75, 13.875, 1.375, 16], "texture": "#voxels_atlas" },
                "south": { "uv": [1, 10.625, 1.375, 12.75], "texture": "#voxels_atlas" },
                "west": { "uv": [3.875, 8.125, 4, 10.25], "texture": "#voxels_atlas" },
                "east": { "uv": [3.875, 8.375, 3.75, 10.5], "texture": "#voxels_atlas" }
            }
        },
        {
            "__comment": "Voxels",
            "from": [7.5, 11.75, 8.5],
            "to": [8.25, 16, 8.75],
            "faces": {
                "down": { "uv": [7.875, 8.125, 8.25, 8.25], "texture": "#voxels_atlas" },
                "up": { "uv": [7.875, 8.375, 8.25, 8.25], "texture": "#voxels_atlas" },
                "north": { "uv": [0.375, 9.625, 0, 11.75], "texture": "#voxels_atlas" },
                "south": { "uv": [1, 8.5, 1.375, 10.625], "texture": "#voxels_atlas" },
                "west": { "uv": [3.5, 8.875, 3.625, 11], "texture": "#voxels_atlas" },
                "east": { "uv": [3.75, 8.5, 3.625, 10.625], "texture": "#voxels_atlas" }
            }
        },
        {
            "__comment": "Voxels",
            "from": [7.5, 16, 7.25],
            "to": [8.25, 16.25, 7.5],
            "faces": {
                "down": { "uv": [1.75, 8, 2.125, 8.125], "texture": "#voxels_atlas" },
                "up": { "uv": [9.75, 14.875, 10.125, 14.75], "texture": "#voxels_atlas" },
                "north": { "uv": [9.75, 14.75, 9.375, 14.875], "texture": "#voxels_atlas" },
                "south": { "uv": [9.375, 14.875, 9.75, 15], "texture": "#voxels_atlas" },
                "west": { "uv": [9.375, 8.125, 9.5, 8.25], "texture": "#voxels_atlas" },
                "east": { "uv": [9.5, 8, 9.375, 8.125], "texture": "#voxels_atlas" }
            }
        },
        {
            "__comment": "Voxels",
            "from": [7.5, 16, 8.75],
            "to": [8.25, 16.25, 9],
            "faces": {
                "down": { "uv": [9, 14.875, 9.375, 15], "texture": "#voxels_atlas" },
                "up": { "uv": [8.375, 9.125, 8.75, 9], "texture": "#voxels_atlas" },
                "north": { "uv": [8.75, 11.625, 8.375, 11.75], "texture": "#voxels_atlas" },
                "south": { "uv": [13.5, 14.625, 13.875, 14.75], "texture": "#voxels_atlas" },
                "west": { "uv": [10.25, 14.375, 10.375, 14.5], "texture": "#voxels_atlas" },
                "east": { "uv": [10.5, 14.375, 10.375, 14.5], "texture": "#voxels_atlas" }
            }
        },
        {
            "__comment": "Voxels",
            "from": [7.5, 16.25, 7.5],
            "to": [8.25, 17.75, 7.75],
            "faces": {
                "down": { "uv": [13.125, 14.625, 13.5, 14.75], "texture": "#voxels_atlas" },
                "up": { "uv": [12.75, 14.75, 13.125, 14.625], "texture": "#voxels_atlas" },
                "north": { "uv": [2.5, 8.125, 2.125, 8.875], "texture": "#voxels_atlas" },
                "south": { "uv": [2.125, 9.625, 2.5, 10.375], "texture": "#voxels_atlas" },
                "west": { "uv": [3.25, 9.625, 3.375, 10.375], "texture": "#voxels_atlas" },
                "east": { "uv": [7.5, 10.5, 7.375, 11.25], "texture": "#voxels_atlas" }
            }
        },
        {
            "__comment": "Voxels",
            "from": [7.5, 16.25, 8.5],
            "to": [8.25, 17.75, 8.75],
            "faces": {
                "down": { "uv": [11.625, 14.625, 12, 14.75], "texture": "#voxels_atlas" },
                "up": { "uv": [14.375, 14.625, 14.75, 14.5], "texture": "#voxels_atlas" },
                "north": { "uv": [2.125, 8.125, 1.75, 8.875], "texture": "#voxels_atlas" },
                "south": { "uv": [2.125, 8.875, 2.5, 9.625], "texture": "#voxels_atlas" },
                "west": { "uv": [7.375, 9.75, 7.5, 10.5], "texture": "#voxels_atlas" },
                "east": { "uv": [3.375, 8.875, 3.25, 9.625], "texture": "#voxels_atlas" }
            }
        },
        {
            "__comment": "Voxels",
            "from": [7.5, 17.75, 7.25],
            "to": [8.25, 18.75, 7.5],
            "faces": {
                "down": { "uv": [9.375, 14.625, 9.75, 14.75], "texture": "#voxels_atlas" },
                "up": { "uv": [9, 14.75, 9.375, 14.625], "texture": "#voxels_atlas" },
                "north": { "uv": [3.5, 8, 3.125, 8.5], "texture": "#voxels_atlas" },
                "south": { "uv": [6.625, 8.25, 7, 8.75], "texture": "#voxels_atlas" },
                "west": { "uv": [8.125, 10.125, 8.25, 10.625], "texture": "#voxels_atlas" },
                "east": { "uv": [1.375, 8, 1.25, 8.5], "texture": "#voxels_atlas" }
            }
        },
        {
            "__comment": "Voxels",
            "from": [7.5, 17.75, 8.75],
            "to": [8.25, 18.75, 9],
            "faces": {
                "down": { "uv": [13.875, 14.75, 14.25, 14.875], "texture": "#voxels_atlas" },
                "up": { "uv": [12.375, 14.875, 12.75, 14.75], "texture": "#voxels_atlas" },
                "north": { "uv": [7.375, 8.25, 7, 8.75], "texture": "#voxels_atlas" },
                "south": { "uv": [7.5, 14.875, 7.875, 15.375], "texture": "#voxels_atlas" },
                "west": { "uv": [8, 10.125, 8.125, 10.625], "texture": "#voxels_atlas" },
                "east": { "uv": [8, 10.125, 7.875, 10.625], "texture": "#voxels_atlas" }
            }
        },
        {
            "__comment": "Voxels",
            "from": [7.5, 18.75, 7.5],
            "to": [8.25, 19, 7.75],
            "faces": {
                "down": { "uv": [10.875, 14.75, 11.25, 14.875], "texture": "#voxels_atlas" },
                "up": { "uv": [9, 14.875, 9.375, 14.75], "texture": "#voxels_atlas" },
                "north": { "uv": [14.25, 14.875, 13.875, 15], "texture": "#voxels_atlas" },
                "south": { "uv": [13.5, 14.875, 13.875, 15], "texture": "#voxels_atlas" },
                "west": { "uv": [3.5, 8, 3.625, 8.125], "texture": "#voxels_atlas" },
                "east": { "uv": [7.375, 10.5, 7.25, 10.625], "texture": "#voxels_atlas" }
            }
        },
        {
            "__comment": "Voxels",
            "from": [7.5, 18.75, 8.5],
            "to": [8.25, 19, 8.75],
            "faces": {
                "down": { "uv": [11.625, 14.875, 12, 15], "texture": "#voxels_atlas" },
                "up": { "uv": [11.25, 15, 11.625, 14.875], "texture": "#voxels_atlas" },
                "north": { "uv": [11.25, 14.875, 10.875, 15], "texture": "#voxels_atlas" },
                "south": { "uv": [10.5, 14.875, 10.875, 15], "texture": "#voxels_atlas" },
                "west": { "uv": [8.25, 8.625, 8.375, 8.75], "texture": "#voxels_atlas" },
                "east": { "uv": [8.375, 8.5, 8.25, 8.625], "texture": "#voxels_atlas" }
            }
        },
        {
            "__comment": "Voxels",
            "from": [9.25, 20.5, 8],
            "to": [9.75, 20.75, 8.25],
            "faces": {
                "down": { "uv": [8.75, 11, 9, 11.125], "texture": "#voxels_atlas" },
                "up": { "uv": [8.75, 11, 9, 10.875], "texture": "#voxels_atlas" },
                "north": { "uv": [9, 10.75, 8.75, 10.875], "texture": "#voxels_atlas" },
                "south": { "uv": [8.75, 10.625, 9, 10.75], "texture": "#voxels_atlas" },
                "west": { "uv": [15.875, 15.5, 16, 15.625], "texture": "#voxels_atlas" },
                "east": { "uv": [16, 15.375, 15.875, 15.5], "texture": "#voxels_atlas" }
            }
        },
        {
            "__comment": "Voxels",
            "from": [9.25, 27, 8],
            "to": [12.25, 27.25, 8.25],
            "faces": {
                "down": { "uv": [5.875, 12.625, 7.375, 12.75], "texture": "#voxels_atlas" },
                "up": { "uv": [5.875, 12.625, 7.375, 12.5], "texture": "#voxels_atlas" },
                "north": { "uv": [7.375, 12.875, 5.875, 13], "texture": "#voxels_atlas" },
                "south": { "uv": [5.875, 12.75, 7.375, 12.875], "texture": "#voxels_atlas" },
                "west": { "uv": [9, 10.625, 9.125, 10.75], "texture": "#voxels_atlas" },
                "east": { "uv": [9.125, 10.5, 9, 10.625], "texture": "#voxels_atlas" }
            }
        },
        {
            "__comment": "Voxels",
            "from": [9.5, 19, 8],
            "to": [10, 19.25, 8.25],
            "faces": {
                "down": { "uv": [8.75, 10, 9, 10.125], "texture": "#voxels_atlas" },
                "up": { "uv": [8.75, 10, 9, 9.875], "texture": "#voxels_atlas" },
                "north": { "uv": [9, 9.75, 8.75, 9.875], "texture": "#voxels_atlas" },
                "south": { "uv": [8.75, 9.625, 9, 9.75], "texture": "#voxels_atlas" },
                "west": { "uv": [9, 9.875, 9.125, 10], "texture": "#voxels_atlas" },
                "east": { "uv": [9.125, 9.75, 9, 9.875], "texture": "#voxels_atlas" }
            }
        },
        {
            "__comment": "Voxels",
            "from": [9.75, 26.75, 8],
            "to": [12.5, 27, 8.25],
            "faces": {
                "down": { "uv": [5.875, 10.5, 7.25, 10.625], "texture": "#voxels_atlas" },
                "up": { "uv": [9.125, 16, 10.5, 15.875], "texture": "#voxels_atlas" },
                "north": { "uv": [7.375, 10.25, 6, 10.375], "texture": "#voxels_atlas" },
                "south": { "uv": [6, 10.375, 7.375, 10.5], "texture": "#voxels_atlas" },
                "west": { "uv": [9, 9.125, 9.125, 9.25], "texture": "#voxels_atlas" },
                "east": { "uv": [9.125, 9, 9, 9.125], "texture": "#voxels_atlas" }
            }
        },
        {
            "__comment": "Voxels",
            "from": [9.75, 28, 7.75],
            "to": [10.75, 28.25, 8],
            "faces": {
                "down": { "uv": [7.875, 11.125, 8.375, 11.25], "texture": "#voxels_atlas" },
                "up": { "uv": [7.875, 11.375, 8.375, 11.25], "texture": "#voxels_atlas" },
                "north": { "uv": [8.375, 11.375, 7.875, 11.5], "texture": "#voxels_atlas" },
                "south": { "uv": [7.875, 11.5, 8.375, 11.625], "texture": "#voxels_atlas" },
                "west": { "uv": [9, 8.375, 9.125, 8.5], "texture": "#voxels_atlas" },
                "east": { "uv": [9.125, 8.25, 9, 8.375], "texture": "#voxels_atlas" }
            }
        },
        {
            "__comment": "Voxels",
            "from": [9.75, 28, 8.25],
            "to": [10.75, 28.25, 8.5],
            "faces": {
                "down": { "uv": [7.875, 11.625, 8.375, 11.75], "texture": "#voxels_atlas" },
                "up": { "uv": [7.875, 11.875, 8.375, 11.75], "texture": "#voxels_atlas" },
                "north": { "uv": [8.375, 11.875, 7.875, 12], "texture": "#voxels_atlas" },
                "south": { "uv": [7.875, 12, 8.375, 12.125], "texture": "#voxels_atlas" },
                "west": { "uv": [9.125, 11.25, 9.25, 11.375], "texture": "#voxels_atlas" },
                "east": { "uv": [9.375, 11.25, 9.25, 11.375], "texture": "#voxels_atlas" }
            }
        },
        {
            "__comment": "Voxels",
            "from": [10, 27.75, 7.75],
            "to": [11.25, 28, 8],
            "faces": {
                "down": { "uv": [12.75, 15.125, 13.375, 15.25], "texture": "#voxels_atlas" },
                "up": { "uv": [13.375, 15.25, 14, 15.125], "texture": "#voxels_atlas" },
                "north": { "uv": [14.625, 15.125, 14, 15.25], "texture": "#voxels_atlas" },
                "south": { "uv": [14.625, 15.125, 15.25, 15.25], "texture": "#voxels_atlas" },
                "west": { "uv": [9.125, 10.875, 9.25, 11], "texture": "#voxels_atlas" },
                "east": { "uv": [9.375, 10.875, 9.25, 11], "texture": "#voxels_atlas" }
            }
        },
        {
            "__comment": "Voxels",
            "from": [10, 27.75, 8.25],
            "to": [11.25, 28, 8.5],
            "faces": {
                "down": { "uv": [15.25, 15.125, 15.875, 15.25], "texture": "#voxels_atlas" },
                "up": { "uv": [8.375, 15.125, 9, 15], "texture": "#voxels_atlas" },
                "north": { "uv": [9.625, 15, 9, 15.125], "texture": "#voxels_atlas" },
                "south": { "uv": [9.625, 15, 10.25, 15.125], "texture": "#voxels_atlas" },
                "west": { "uv": [9.125, 10.5, 9.25, 10.625], "texture": "#voxels_atlas" },
                "east": { "uv": [9.375, 10.5, 9.25, 10.625], "texture": "#voxels_atlas" }
            }
        },
        {
            "__comment": "Voxels",
            "from": [10.25, 26.5, 8],
            "to": [12.5, 26.75, 8.25],
            "faces": {
                "down": { "uv": [12.5, 15.75, 13.625, 15.875], "texture": "#voxels_atlas" },
                "up": { "uv": [9.125, 15.75, 10.25, 15.625], "texture": "#voxels_atlas" },
                "north": { "uv": [10.25, 15.75, 9.125, 15.875], "texture": "#voxels_atlas" },
                "south": { "uv": [14.125, 15.875, 15.25, 16], "texture": "#voxels_atlas" },
                "west": { "uv": [9.125, 10.125, 9.25, 10.25], "texture": "#voxels_atlas" },
                "east": { "uv": [9.375, 10.125, 9.25, 10.25], "texture": "#voxels_atlas" }
            }
        },
        {
            "__comment": "Voxels",
            "from": [10.5, 26.25, 8],
            "to": [12.75, 26.5, 8.25],
            "faces": {
                "down": { "uv": [13, 15.875, 14.125, 16], "texture": "#voxels_atlas" },
                "up": { "uv": [13.625, 15.75, 14.75, 15.625], "texture": "#voxels_atlas" },
                "north": { "uv": [13.625, 15.625, 12.5, 15.75], "texture": "#voxels_atlas" },
                "south": { "uv": [13.625, 15.75, 14.75, 15.875], "texture": "#voxels_atlas" },
                "west": { "uv": [9.125, 9.75, 9.25, 9.875], "texture": "#voxels_atlas" },
                "east": { "uv": [9.375, 9.75, 9.25, 9.875], "texture": "#voxels_atlas" }
            }
        },
        {
            "__comment": "Voxels",
            "from": [10.5, 27.5, 7.75],
            "to": [11.5, 27.75, 8],
            "faces": {
                "down": { "uv": [7.875, 13.5, 8.375, 13.625], "texture": "#voxels_atlas" },
                "up": { "uv": [7.875, 13.75, 8.375, 13.625], "texture": "#voxels_atlas" },
                "north": { "uv": [8.375, 13.75, 7.875, 13.875], "texture": "#voxels_atlas" },
                "south": { "uv": [7.875, 13.875, 8.375, 14], "texture": "#voxels_atlas" },
                "west": { "uv": [9.125, 9.375, 9.25, 9.5], "texture": "#voxels_atlas" },
                "east": { "uv": [9.375, 9.375, 9.25, 9.5], "texture": "#voxels_atlas" }
            }
        },
        {
            "__comment": "Voxels",
            "from": [10.5, 27.5, 8.25],
            "to": [11.5, 27.75, 8.5],
            "faces": {
                "down": { "uv": [7.875, 14, 8.375, 14.125], "texture": "#voxels_atlas" },
                "up": { "uv": [7.875, 14.25, 8.375, 14.125], "texture": "#voxels_atlas" },
                "north": { "uv": [8.375, 14.25, 7.875, 14.375], "texture": "#voxels_atlas" },
                "south": { "uv": [6.875, 14.5, 7.375, 14.625], "texture": "#voxels_atlas" },
                "west": { "uv": [9.125, 9, 9.25, 9.125], "texture": "#voxels_atlas" },
                "east": { "uv": [9.375, 9, 9.25, 9.125], "texture": "#voxels_atlas" }
            }
        },
        {
            "__comment": "Voxels",
            "from": [10.75, 26, 8],
            "to": [12.75, 26.25, 8.25],
            "faces": {
                "down": { "uv": [6.375, 13.875, 7.375, 14], "texture": "#voxels_atlas" },
                "up": { "uv": [6.375, 13.875, 7.375, 13.75], "texture": "#voxels_atlas" },
                "north": { "uv": [7.375, 13.625, 6.375, 13.75], "texture": "#voxels_atlas" },
                "south": { "uv": [6.375, 13.5, 7.375, 13.625], "texture": "#voxels_atlas" },
                "west": { "uv": [9.125, 8.625, 9.25, 8.75], "texture": "#voxels_atlas" },
                "east": { "uv": [9.375, 8.625, 9.25, 8.75], "texture": "#voxels_atlas" }
            }
        },
        {
            "__comment": "Voxels",
            "from": [11, 25.5, 8],
            "to": [13, 26, 8.25],
            "faces": {
                "down": { "uv": [14.75, 15.75, 15.75, 15.875], "texture": "#voxels_atlas" },
                "up": { "uv": [8.375, 15.625, 9.375, 15.5], "texture": "#voxels_atlas" },
                "north": { "uv": [3.375, 10.625, 2.375, 10.875], "texture": "#voxels_atlas" },
                "south": { "uv": [2.375, 10.375, 3.375, 10.625], "texture": "#voxels_atlas" },
                "west": { "uv": [9, 13.5, 9.125, 13.75], "texture": "#voxels_atlas" },
                "east": { "uv": [9.125, 13.25, 9, 13.5], "texture": "#voxels_atlas" }
            }
        },
        {
            "__comment": "Voxels",
            "from": [11, 27.25, 7.75],
            "to": [11.75, 27.5, 8],
            "faces": {
                "down": { "uv": [8.375, 13.25, 8.75, 13.375], "texture": "#voxels_atlas" },
                "up": { "uv": [8.375, 13.5, 8.75, 13.375], "texture": "#voxels_atlas" },
                "north": { "uv": [8.75, 13.5, 8.375, 13.625], "texture": "#voxels_atlas" },
                "south": { "uv": [8.375, 13.625, 8.75, 13.75], "texture": "#voxels_atlas" },
                "west": { "uv": [9.375, 14.375, 9.5, 14.5], "texture": "#voxels_atlas" },
                "east": { "uv": [9.5, 14.25, 9.375, 14.375], "texture": "#voxels_atlas" }
            }
        },
        {
            "__comment": "Voxels",
            "from": [11, 27.25, 8.25],
            "to": [11.75, 27.5, 8.5],
            "faces": {
                "down": { "uv": [7.875, 8.375, 8.25, 8.5], "texture": "#voxels_atlas" },
                "up": { "uv": [7.875, 8.625, 8.25, 8.5], "texture": "#voxels_atlas" },
                "north": { "uv": [7.875, 8, 7.5, 8.125], "texture": "#voxels_atlas" },
                "south": { "uv": [7.5, 8.125, 7.875, 8.25], "texture": "#voxels_atlas" },
                "west": { "uv": [9.375, 13.625, 9.5, 13.75], "texture": "#voxels_atlas" },
                "east": { "uv": [9.5, 13.5, 9.375, 13.625], "texture": "#voxels_atlas" }
            }
        },
        {
            "__comment": "Voxels",
            "from": [11.25, 25.25, 8],
            "to": [13.25, 25.5, 8.25],
            "faces": {
                "down": { "uv": [14.75, 15.625, 15.75, 15.75], "texture": "#voxels_atlas" },
                "up": { "uv": [11.375, 15.625, 12.375, 15.5], "texture": "#voxels_atlas" },
                "north": { "uv": [11.375, 15.5, 10.375, 15.625], "texture": "#voxels_atlas" },
                "south": { "uv": [9.375, 15.5, 10.375, 15.625], "texture": "#voxels_atlas" },
                "west": { "uv": [9.375, 12.875, 9.5, 13], "texture": "#voxels_atlas" },
                "east": { "uv": [9.5, 12.75, 9.375, 12.875], "texture": "#voxels_atlas" }
            }
        },
        {
            "__comment": "Voxels",
            "from": [11.25, 27, 7.75],
            "to": [12, 27.25, 8],
            "faces": {
                "down": { "uv": [1.375, 8, 1.75, 8.125], "texture": "#voxels_atlas" },
                "up": { "uv": [14, 14.625, 14.375, 14.5], "texture": "#voxels_atlas" },
                "north": { "uv": [11.25, 14.625, 10.875, 14.75], "texture": "#voxels_atlas" },
                "south": { "uv": [10.5, 14.625, 10.875, 14.75], "texture": "#voxels_atlas" },
                "west": { "uv": [9.375, 12.125, 9.5, 12.25], "texture": "#voxels_atlas" },
                "east": { "uv": [9.5, 12, 9.375, 12.125], "texture": "#voxels_atlas" }
            }
        },
        {
            "__comment": "Voxels",
            "from": [11.25, 27, 8.25],
            "to": [12, 27.25, 8.5],
            "faces": {
                "down": { "uv": [12, 14.75, 12.375, 14.875], "texture": "#voxels_atlas" },
                "up": { "uv": [11.25, 14.875, 11.625, 14.75], "texture": "#voxels_atlas" },
                "north": { "uv": [10.875, 14.75, 10.5, 14.875], "texture": "#voxels_atlas" },
                "south": { "uv": [10.125, 14.75, 10.5, 14.875], "texture": "#voxels_atlas" },
                "west": { "uv": [9.375, 11.375, 9.5, 11.5], "texture": "#voxels_atlas" },
                "east": { "uv": [9.5, 11.25, 9.375, 11.375], "texture": "#voxels_atlas" }
            }
        },
        {
            "__comment": "Voxels",
            "from": [11.5, 26.75, 7.75],
            "to": [12.25, 27, 8],
            "faces": {
                "down": { "uv": [8.375, 9.125, 8.75, 9.25], "texture": "#voxels_atlas" },
                "up": { "uv": [8.375, 9.375, 8.75, 9.25], "texture": "#voxels_atlas" },
                "north": { "uv": [8.75, 9.875, 8.375, 10], "texture": "#voxels_atlas" },
                "south": { "uv": [8.375, 10, 8.75, 10.125], "texture": "#voxels_atlas" },
                "west": { "uv": [9.375, 10.625, 9.5, 10.75], "texture": "#voxels_atlas" },
                "east": { "uv": [9.5, 10.5, 9.375, 10.625], "texture": "#voxels_atlas" }
            }
        },
        {
            "__comment": "Voxels",
            "from": [11.5, 26.75, 8.25],
            "to": [12.25, 27, 8.5],
            "faces": {
                "down": { "uv": [13.875, 14.625, 14.25, 14.75], "texture": "#voxels_atlas" },
                "up": { "uv": [14.25, 14.75, 14.625, 14.625], "texture": "#voxels_atlas" },
                "north": { "uv": [15, 14.625, 14.625, 14.75], "texture": "#voxels_atlas" },
                "south": { "uv": [15, 14.625, 15.375, 14.75], "texture": "#voxels_atlas" },
                "west": { "uv": [9.375, 9.875, 9.5, 10], "texture": "#voxels_atlas" },
                "east": { "uv": [9.5, 9.75, 9.375, 9.875], "texture": "#voxels_atlas" }
            }
        },
        {
            "__comment": "Voxels",
            "from": [11.75, 25, 8],
            "to": [13.25, 25.25, 8.25],
            "faces": {
                "down": { "uv": [11.375, 15.25, 12.125, 15.375], "texture": "#voxels_atlas" },
                "up": { "uv": [13.625, 15.375, 14.375, 15.25], "texture": "#voxels_atlas" },
                "north": { "uv": [10.625, 15.25, 9.875, 15.375], "texture": "#voxels_atlas" },
                "south": { "uv": [9.125, 15.25, 9.875, 15.375], "texture": "#voxels_atlas" },
                "west": { "uv": [9.375, 9.125, 9.5, 9.25], "texture": "#voxels_atlas" },
                "east": { "uv": [9.5, 9, 9.375, 9.125], "texture": "#voxels_atlas" }
            }
        },
        {
            "__comment": "Voxels",
            "from": [11.75, 26.5, 7.75],
            "to": [12.5, 26.75, 8],
            "faces": {
                "down": { "uv": [15.375, 14.625, 15.75, 14.75], "texture": "#voxels_atlas" },
                "up": { "uv": [9.125, 14.625, 9.5, 14.5], "texture": "#voxels_atlas" },
                "north": { "uv": [9.875, 14.5, 9.5, 14.625], "texture": "#voxels_atlas" },
                "south": { "uv": [9.875, 14.5, 10.25, 14.625], "texture": "#voxels_atlas" },
                "west": { "uv": [9.375, 8.375, 9.5, 8.5], "texture": "#voxels_atlas" },
                "east": { "uv": [9.5, 8.25, 9.375, 8.375], "texture": "#voxels_atlas" }
            }
        },
        {
            "__comment": "Voxels",
            "from": [11.75, 26.5, 8.25],
            "to": [12.5, 26.75, 8.5],
            "faces": {
                "down": { "uv": [10.25, 14.5, 10.625, 14.625], "texture": "#voxels_atlas" },
                "up": { "uv": [10.625, 14.625, 11, 14.5], "texture": "#voxels_atlas" },
                "north": { "uv": [11.375, 14.5, 11, 14.625], "texture": "#voxels_atlas" },
                "south": { "uv": [11.375, 14.5, 11.75, 14.625], "texture": "#voxels_atlas" },
                "west": { "uv": [9.75, 14.375, 9.875, 14.5], "texture": "#voxels_atlas" },
                "east": { "uv": [10, 14.375, 9.875, 14.5], "texture": "#voxels_atlas" }
            }
        },
        {
            "__comment": "Voxels",
            "from": [12, 26, 7.75],
            "to": [12.75, 26.5, 8],
            "faces": {
                "down": { "uv": [11.75, 14.5, 12.125, 14.625], "texture": "#voxels_atlas" },
                "up": { "uv": [12.125, 14.625, 12.5, 14.5], "texture": "#voxels_atlas" },
                "north": { "uv": [7.375, 8, 7, 8.25], "texture": "#voxels_atlas" },
                "south": { "uv": [6.625, 8, 7, 8.25], "texture": "#voxels_atlas" },
                "west": { "uv": [9, 12.25, 9.125, 12.5], "texture": "#voxels_atlas" },
                "east": { "uv": [9.125, 12, 9, 12.25], "texture": "#voxels_atlas" }
            }
        },
        {
            "__comment": "Voxels",
            "from": [12, 26, 8.25],
            "to": [12.75, 26.5, 8.5],
            "faces": {
                "down": { "uv": [12.5, 14.5, 12.875, 14.625], "texture": "#voxels_atlas" },
                "up": { "uv": [12.875, 14.625, 13.25, 14.5], "texture": "#voxels_atlas" },
                "north": { "uv": [7.125, 9, 6.75, 9.25], "texture": "#voxels_atlas" },
                "south": { "uv": [6.75, 9.25, 7.125, 9.5], "texture": "#voxels_atlas" },
                "west": { "uv": [9, 11.75, 9.125, 12], "texture": "#voxels_atlas" },
                "east": { "uv": [9.125, 11.5, 9, 11.75], "texture": "#voxels_atlas" }
            }
        },
        {
            "__comment": "Voxels",
            "from": [12.25, 24.75, 8],
            "to": [13.25, 25, 8.25],
            "faces": {
                "down": { "uv": [7.875, 9.25, 8.375, 9.375], "texture": "#voxels_atlas" },
                "up": { "uv": [7.875, 9.25, 8.375, 9.125], "texture": "#voxels_atlas" },
                "north": { "uv": [8.375, 9, 7.875, 9.125], "texture": "#voxels_atlas" },
                "south": { "uv": [7.875, 13, 8.375, 13.125], "texture": "#voxels_atlas" },
                "west": { "uv": [12, 14.375, 12.125, 14.5], "texture": "#voxels_atlas" },
                "east": { "uv": [12.25, 14.375, 12.125, 14.5], "texture": "#voxels_atlas" }
            }
        },
        {
            "__comment": "Voxels",
            "from": [12.25, 25.75, 7.75],
            "to": [12.75, 26, 8],
            "faces": {
                "down": { "uv": [9.125, 12.875, 9.375, 13], "texture": "#voxels_atlas" },
                "up": { "uv": [9.125, 12.875, 9.375, 12.75], "texture": "#voxels_atlas" },
                "north": { "uv": [9.375, 12.625, 9.125, 12.75], "texture": "#voxels_atlas" },
                "south": { "uv": [9.125, 12.5, 9.375, 12.625], "texture": "#voxels_atlas" },
                "west": { "uv": [12.75, 14.375, 12.875, 14.5], "texture": "#voxels_atlas" },
                "east": { "uv": [13, 14.375, 12.875, 14.5], "texture": "#voxels_atlas" }
            }
        },
        {
            "__comment": "Voxels",
            "from": [12.25, 25.75, 8.25],
            "to": [12.75, 26, 8.5],
            "faces": {
                "down": { "uv": [9.125, 12.375, 9.375, 12.5], "texture": "#voxels_atlas" },
                "up": { "uv": [9.125, 12.375, 9.375, 12.25], "texture": "#voxels_atlas" },
                "north": { "uv": [9.375, 12.125, 9.125, 12.25], "texture": "#voxels_atlas" },
                "south": { "uv": [9.125, 12, 9.375, 12.125], "texture": "#voxels_atlas" },
                "west": { "uv": [13.5, 14.375, 13.625, 14.5], "texture": "#voxels_atlas" },
                "east": { "uv": [13.75, 14.375, 13.625, 14.5], "texture": "#voxels_atlas" }
            }
        },
        {
            "__comment": "Voxels",
            "from": [12.75, 24.5, 8],
            "to": [13.25, 24.75, 8.25],
            "faces": {
                "down": { "uv": [9.125, 11.875, 9.375, 12], "texture": "#voxels_atlas" },
                "up": { "uv": [9.125, 11.875, 9.375, 11.75], "texture": "#voxels_atlas" },
                "north": { "uv": [9.375, 11.625, 9.125, 11.75], "texture": "#voxels_atlas" },
                "south": { "uv": [9.125, 11.5, 9.375, 11.625], "texture": "#voxels_atlas" },
                "west": { "uv": [14.25, 14.375, 14.375, 14.5], "texture": "#voxels_atlas" },
                "east": { "uv": [14.5, 14.375, 14.375, 14.5], "texture": "#voxels_atlas" }
            }
        }
    ],
    "display": {
        "thirdperson_righthand": {
            "rotation": [0, 90, 0],
            "translation": [0, -7.9, 2]
        },
        "thirdperson_lefthand": {
            "rotation": [0, -90, 0],
            "translation": [0, -7.9, 2]
        },
        "firstperson_righthand": {
            "rotation": [1, 90, -15],
            "translation": [0, -5, 2]
        },
        "firstperson_lefthand": {
            "rotation": [1, -90, 15],
            "translation": [0, -5, 2]
        },
        "gui": {
            "rotation": [-15, -25, -30],
            "translation": [-3, -7, 0],
            "scale": [0.7, 0.7, 0.7]
        },
        "ground": {
            "translation": [0, 2, 0],
            "scale": [1.2, 1.2, 1.2]
        },
        "fixed": {
            "rotation": [0, 0, 30],
            "translation": [4, -8, 0],
            "scale": [0.85, 0.85, 0.85]
        }
    }
}